,Country,City,Jan_C,Jan_F,Feb_C,Feb_F,Mar_C,Mar_F,Apr_C,Apr_F,May_C,May_F,Jun_C,Jun_F,Jul_C,Jul_F,Aug_C,Aug_F,Sep_C,Sep_F,Oct_C,Oct_F,Nov_C,Nov_F,Dec_C,Dec_F,Year_C,Year_F
0,Algeria,Algiers,11.20,52.20,11.90,53.40,12.80,55.00,14.70,58.50,17.70,63.90,21.30,70.30,24.60,76.30,25.20,77.40,23.20,73.80,19.40,66.90,15.20,59.40,12.10,53.80,17.40,63.30
1,Algeria,Tamanrasset,12.80,55.00,15.00,59.00,18.10,64.60,22.20,72.00,26.10,79.00,28.90,84.00,28.70,83.70,28.20,82.80,26.50,79.70,22.40,72.30,17.30,63.10,13.90,57.00,21.70,71.10
2,Algeria,Reggane,16.00,60.80,18.20,64.80,23.10,73.60,27.90,82.20,32.20,90.00,36.40,97.50,39.80,103.60,38.40,101.10,35.50,95.90,29.20,84.60,22.00,71.60,17.80,64.00,28.30,82.90
3,Angola,Luanda,26.70,80.10,28.50,83.30,28.60,83.50,28.20,82.80,27.00,80.60,23.90,75.00,22.10,71.80,22.10,71.80,23.50,74.30,25.20,77.40,26.70,80.10,26.90,80.40,25.80,78.40
4,Benin,Cotonou,27.30,81.10,28.50,83.30,28.90,84.00,28.60,83.50,27.80,82.00,26.50,79.70,25.80,78.40,25.60,78.10,26.00,78.80,26.70,80.10,27.60,81.70,27.30,81.10,27.20,81.00
5,Benin,Parakou,26.50,79.70,28.70,83.70,29.60,85.30,29.00,84.20,27.50,81.50,26.10,79.00,25.10,77.20,24.70,76.50,25.00,77.00,26.10,79.00,26.60,79.90,26.10,79.00,26.80,80.20
6,Benin,Kandi,24.90,76.80,27.80,82.00,30.90,87.60,32.10,89.80,30.40,86.70,28.10,82.60,26.40,79.50,26.00,78.80,26.20,79.20,27.80,82.00,26.50,79.70,24.80,76.60,27.70,81.90
7,Botswana,Maun,25.40,77.70,25.10,77.20,24.20,75.60,22.60,72.70,18.70,65.70,15.70,60.30,15.80,60.40,18.80,65.80,23.10,73.60,26.60,79.90,26.40,79.50,25.80,78.40,22.40,72.30
8,Botswana,Gaborone,26.00,79.00,25.00,77.00,24.00,75.00,21.00,70.00,17.00,63.00,13.00,55.00,13.00,55.00,17.00,63.00,21.00,70.00,23.00,73.00,25.00,77.00,25.00,77.00,21.00,70.00
9,Botswana,Ghanzi,25.90,78.60,25.30,77.50,24.10,75.40,21.20,70.20,17.60,63.70,14.30,57.70,14.10,57.40,17.10,62.80,21.50,70.70,24.60,76.30,25.70,78.30,26.10,79.00,21.40,70.50
10,Burkina Faso,Ouagadougou,24.80,76.60,27.70,81.90,30.90,87.60,32.60,90.70,31.60,88.90,29.20,84.60,27.30,81.10,26.40,79.50,27.00,80.60,28.90,84.00,27.70,81.90,25.10,77.20,28.30,82.90
11,Burkina Faso,Ouahigouya,24.20,75.60,27.10,80.80,30.40,86.70,33.00,91.40,33.20,91.80,30.80,87.40,27.90,82.20,27.20,81.00,27.80,82.00,29.60,85.30,27.40,81.30,24.60,76.30,28.60,83.50
12,Burundi,Bujumbura,23.80,74.80,23.80,74.80,23.70,74.70,23.90,75.00,23.90,75.00,23.30,73.90,22.90,73.20,24.00,75.20,24.70,76.50,24.60,76.30,23.40,74.10,23.60,74.50,23.80,74.80
13,Cameroon,Garoua,26.00,78.80,28.90,84.00,32.20,90.00,33.00,91.40,30.70,87.30,28.20,82.80,26.60,79.90,26.40,79.50,26.70,80.10,28.10,82.60,27.30,81.10,26.00,78.80,28.30,82.90
14,Cameroon,Ngaoundéré,20.50,68.90,22.20,72.00,24.10,75.40,24.10,75.40,23.10,73.60,22.10,71.80,21.50,70.70,22.50,72.50,21.70,71.10,22.10,71.80,20.90,69.60,20.40,68.70,22.00,71.60
15,Cameroon,Douala,27.50,81.50,28.10,82.60,27.80,82.00,27.60,81.70,27.20,81.00,26.20,79.20,25.10,77.20,24.90,76.80,25.60,78.10,26.10,79.00,26.90,80.40,27.20,81.00,26.70,80.10
16,Cameroon,Yaoundé,23.70,74.70,25.30,77.50,25.00,77.00,24.60,76.30,24.10,75.40,23.40,74.10,22.60,72.70,23.00,73.40,23.10,73.60,23.30,73.90,23.70,74.70,23.70,74.70,23.80,74.80
17,Cape Verde,Praia,22.40,72.30,22.20,72.00,22.90,73.20,23.40,74.10,24.00,75.20,24.90,76.80,25.40,77.70,26.20,79.20,26.80,80.20,26.40,79.50,25.40,77.70,23.40,74.10,24.40,75.90
18,Central African Republic,Bangui,26.00,78.80,27.10,80.80,27.40,81.30,27.10,80.80,26.50,79.70,25.30,77.50,25.10,77.20,25.10,77.20,25.40,77.70,25.50,77.90,25.70,78.30,25.70,78.30,26.00,78.80
19,Central African Republic,Birao,23.60,74.50,26.70,80.10,29.00,84.20,29.60,85.30,30.00,86.00,28.00,82.40,25.90,78.60,25.40,77.70,26.20,79.20,26.60,79.90,24.50,76.10,22.20,72.00,26.50,79.70
20,Chad,N'Djamena,23.30,73.90,26.90,80.40,30.40,86.70,33.80,92.80,33.50,92.30,31.00,87.80,28.20,82.80,26.50,79.70,27.80,82.00,29.20,84.60,27.30,81.10,24.00,75.20,28.30,82.90
21,Chad,Abéché,26.80,80.20,28.10,82.60,31.20,88.20,33.30,91.90,33.20,91.80,32.20,90.00,28.70,83.70,27.00,80.60,28.40,83.10,30.00,86.00,28.50,83.30,25.90,78.60,29.40,84.90
22,Democratic Republic of the Congo,Kinshasa,26.00,78.80,26.20,79.20,26.70,80.10,26.80,80.20,26.00,78.80,23.70,74.70,22.20,72.00,23.50,74.30,25.30,77.50,26.00,78.80,25.90,78.60,25.60,78.10,25.30,77.50
23,Democratic Republic of the Congo,Lubumbashi,21.80,71.20,21.60,70.90,21.80,71.20,21.40,70.50,19.20,66.60,17.00,62.60,16.80,62.20,19.10,66.40,22.20,72.00,23.80,74.80,22.80,73.00,21.80,71.20,20.80,69.40
24,Djibouti,Djibouti,25.10,77.20,25.70,78.30,27.00,80.60,28.70,83.70,31.00,87.80,34.20,93.60,36.40,97.50,36.00,96.80,33.10,91.60,29.30,84.70,26.90,80.40,25.40,77.70,29.90,85.80
25,Egypt,Cairo,13.60,56.50,14.90,58.80,16.90,62.40,21.20,70.20,24.50,76.10,27.30,81.10,27.60,81.70,27.40,81.30,26.00,79.00,23.30,73.90,18.90,66.00,15.00,59.00,21.40,70.50
26,Egypt,Alexandria,13.40,56.10,13.90,57.00,15.70,60.30,18.50,65.30,21.20,70.20,24.30,75.70,25.90,78.60,26.30,79.30,25.10,77.20,22.00,71.60,18.70,65.70,14.90,58.80,20.00,68.00
27,Equatorial Guinea,Bata,25.60,78.10,25.80,78.40,25.70,78.30,25.60,78.10,25.60,78.10,25.00,77.00,24.10,75.40,24.20,75.60,24.60,76.30,24.80,76.60,25.20,77.40,25.00,77.00,25.10,77.20
28,Equatorial Guinea,Malabo,26.90,80.40,27.70,81.90,27.60,81.70,27.20,81.00,26.70,80.10,25.90,78.60,25.30,77.50,25.00,77.00,25.10,77.20,25.50,77.90,26.10,79.00,26.60,79.90,26.30,79.30
29,Eritrea,Asmara,13.80,56.80,14.90,58.80,16.30,61.30,17.00,62.60,17.60,63.70,17.60,63.70,16.30,61.30,16.10,61.00,15.70,60.30,14.90,58.80,14.00,57.20,13.20,55.80,15.60,60.10
30,Eritrea,Assab,26.30,79.30,26.70,80.10,28.50,83.30,30.50,86.90,32.00,89.60,33.10,91.60,35.00,95.00,34.60,94.30,32.90,91.20,31.20,88.20,28.80,83.80,26.90,80.40,30.50,86.90
31,Ethiopia,Mek'ele,19.50,67.10,20.50,68.90,21.50,70.70,22.50,72.50,23.50,74.30,23.50,74.30,20.50,68.90,20.00,68.00,21.50,70.70,20.50,68.90,19.50,67.10,18.50,65.30,22.70,72.90
32,Ethiopia,Addis Ababa,16.00,61.00,17.00,63.00,17.00,63.00,17.00,63.00,18.00,64.00,17.00,63.00,15.00,59.00,16.00,61.00,16.00,61.00,16.00,61.00,15.00,59.00,15.00,59.00,16.00,61.00
33,Gabon,Libreville,26.80,80.20,27.00,80.60,27.10,80.80,26.60,79.90,26.70,80.10,25.40,77.70,24.30,75.70,24.30,75.70,25.40,77.70,25.70,78.30,25.90,78.60,26.20,79.20,25.90,78.60
34,Gabon,Port-Gentil,26.90,80.40,27.30,81.10,27.30,81.10,27.10,80.80,26.60,79.90,24.40,75.90,23.50,74.30,24.70,76.50,25.40,77.70,25.90,78.60,26.10,79.00,26.50,79.70,26.00,78.80
35,The Gambia,Banjul,23.00,73.00,25.00,77.00,25.00,77.00,25.00,77.00,26.00,79.00,27.00,81.00,27.00,81.00,27.00,81.00,27.00,81.00,27.00,81.00,26.00,79.00,24.00,75.00,26.00,79.00
36,Ghana,Accra,27.30,81.10,27.70,81.90,27.70,81.90,27.70,81.90,27.20,81.00,25.60,78.10,24.40,75.90,24.30,75.70,25.20,77.40,26.00,78.80,27.00,80.60,27.20,81.00,26.40,79.50
37,Ghana,Tamale,27.90,82.20,30.10,86.20,30.90,87.60,29.80,85.60,28.60,83.50,26.80,80.20,26.00,78.80,25.80,78.40,25.90,78.60,27.30,81.10,28.20,82.80,27.50,81.50,27.90,82.20
38,Ghana,Kumasi,26.00,79.00,27.00,81.00,27.00,81.00,27.00,81.00,26.00,79.00,26.00,79.00,24.00,75.00,24.00,75.00,24.00,75.00,25.00,77.00,26.00,79.00,25.00,77.00,26.00,79.00
39,Guinea,Conakry,26.10,79.00,26.50,79.70,27.00,80.60,27.40,81.30,27.50,81.50,26.50,79.70,25.50,77.90,25.20,77.40,25.60,78.10,26.30,79.30,27.00,80.60,26.60,79.90,26.40,79.50
40,Guinea,Kankan,24.30,75.70,26.30,79.30,29.60,85.30,30.10,86.20,28.30,82.90,26.40,79.50,25.30,77.50,25.10,77.20,25.50,77.90,26.40,79.50,27.00,80.60,23.80,74.80,26.50,79.70
41,Guinea-Bissau,Bissau,26.00,79.00,27.00,81.00,28.00,82.00,28.00,82.00,28.00,82.00,28.00,82.00,27.00,81.00,26.00,79.00,27.00,81.00,28.00,82.00,27.00,81.00,26.00,79.00,27.00,81.00
42,Ivory Coast,Gagnoa,26.00,79.00,27.00,81.00,27.00,81.00,27.00,81.00,27.00,81.00,26.00,79.00,25.00,77.00,25.00,77.00,25.00,77.00,26.00,79.00,26.00,79.00,26.00,79.00,26.00,79.00
43,Ivory Coast,Bouaké,27.00,81.00,28.00,82.00,28.00,82.00,27.00,81.00,26.00,79.00,25.00,77.00,24.00,75.00,24.00,75.00,24.00,75.00,25.00,77.00,26.00,79.00,26.00,79.00,26.00,79.00
44,Ivory Coast,Abidjan,27.00,81.00,28.00,82.00,28.00,82.00,28.00,82.00,27.00,81.00,26.00,79.00,25.00,77.00,24.00,75.00,25.00,77.00,26.00,79.00,27.00,81.00,27.00,81.00,26.00,79.00
45,Ivory Coast,Odienné,25.00,77.00,27.00,81.00,28.00,82.00,28.00,82.00,27.00,81.00,26.00,79.00,25.00,77.00,25.00,77.00,25.00,77.00,25.00,77.00,25.00,77.00,23.00,73.00,26.00,79.00
46,Kenya,Mombasa,27.60,81.70,28.10,82.60,28.30,82.90,27.60,81.70,26.20,79.20,24.80,76.60,24.00,75.20,24.00,75.20,24.70,76.50,25.70,78.30,26.90,80.40,27.40,81.30,26.30,79.30
47,Kenya,Nairobi,18.00,64.40,18.80,65.80,19.40,66.90,19.20,66.60,17.80,64.00,16.30,61.30,15.60,60.10,15.90,60.60,17.30,63.10,18.50,65.30,18.40,65.10,18.10,64.60,17.80,64.00
48,Kenya,Garissa,29.70,85.50,30.60,87.10,31.40,88.50,30.70,87.30,29.60,85.30,27.90,82.20,27.40,81.30,27.60,81.70,28.40,83.10,29.70,85.50,29.90,85.80,29.20,84.60,29.30,84.70
49,Kenya,Lodwar,28.70,83.70,29.60,85.30,30.10,86.20,29.60,85.30,29.70,85.50,29.10,84.40,28.40,83.10,28.70,83.70,29.60,85.30,30.10,86.20,29.10,84.40,28.50,83.30,29.30,84.70
50,Libya,Tripoli,12.00,54.00,13.00,55.00,15.00,59.00,18.00,64.00,22.00,72.00,26.00,79.00,27.00,81.00,28.00,82.00,27.00,81.00,23.00,73.00,17.00,63.00,13.00,55.00,20.00,68.00
51,Libya,Benghazi,12.50,54.50,13.20,55.80,14.90,58.80,18.70,65.70,22.50,72.50,25.50,77.90,25.90,78.60,26.50,79.70,25.10,77.20,22.10,71.80,18.20,64.80,14.10,57.40,19.90,67.80
52,Madagascar,Fianarantsoa,20.80,69.40,20.80,69.40,20.00,68.00,18.90,66.00,16.70,62.10,14.50,58.10,14.00,57.20,14.40,57.90,16.20,61.20,18.30,64.90,19.70,67.50,20.40,68.70,17.90,64.20
53,Madagascar,Toamasina,26.00,78.80,26.10,79.00,25.50,77.90,24.60,76.30,22.90,73.20,21.10,70.00,20.40,68.70,20.50,68.90,21.30,70.30,22.70,72.90,24.30,75.70,25.50,77.90,23.40,74.10
54,Madagascar,Antananarivo,20.50,68.90,20.70,69.30,20.10,68.20,19.20,66.60,16.80,62.20,14.60,58.30,14.10,57.40,14.50,58.10,16.30,61.30,18.50,65.30,19.70,67.50,20.20,68.40,17.90,64.20
55,Madagascar,Antsiranana,26.00,78.80,26.00,78.80,26.20,79.20,26.30,79.30,25.40,77.70,24.10,75.40,23.50,74.30,23.40,74.10,24.10,75.40,25.20,77.40,26.30,79.30,26.50,79.70,25.20,77.40
56,Madagascar,Mahajanga,27.10,80.80,27.20,81.00,27.50,81.50,27.40,81.30,26.10,79.00,24.60,76.30,24.20,75.60,24.60,76.30,25.40,77.70,26.80,80.20,27.70,81.90,27.40,81.30,26.30,79.30
57,Madagascar,Toliara,27.50,81.50,27.50,81.50,26.80,80.20,25.00,77.00,22.70,72.90,20.70,69.30,20.30,68.50,21.00,69.80,22.30,72.10,23.90,75.00,25.30,77.50,26.60,79.90,24.10,75.40
58,Malawi,Karonga,24.90,76.80,25.00,77.00,24.70,76.50,24.60,76.30,23.60,74.50,22.20,72.00,21.70,71.10,22.40,72.30,24.30,75.70,26.40,79.50,27.00,80.60,25.70,78.30,24.40,75.90
59,Malawi,Blantyre,23.50,74.30,23.40,74.10,23.20,73.80,22.20,72.00,20.30,68.50,18.50,65.30,18.40,65.10,20.00,68.00,23.10,73.60,25.00,77.00,25.00,77.00,24.00,75.20,22.20,72.00
60,Malawi,Mzuzu,19.90,67.80,20.00,68.00,19.50,67.10,18.70,65.70,16.40,61.50,13.90,57.00,13.10,55.60,14.00,57.20,16.70,62.10,19.40,66.90,20.50,68.90,20.10,68.20,17.70,63.90
61,Mali,Ségou,24.00,75.00,27.00,81.00,30.00,86.00,33.00,91.00,33.00,91.00,30.00,86.00,28.00,82.00,27.00,81.00,27.00,81.00,29.00,84.00,27.00,81.00,25.00,77.00,28.00,82.00
62,Mali,Timbuktu,21.00,70.00,23.00,73.00,27.00,81.00,31.00,88.00,33.00,91.00,34.00,93.00,32.00,90.00,31.00,88.00,31.00,88.00,30.00,86.00,26.00,79.00,21.00,70.00,28.00,82.00
63,Mali,Bamako,25.10,77.20,27.80,82.00,30.20,86.40,31.60,88.90,31.40,88.50,29.10,84.40,26.80,80.20,26.10,79.00,26.60,79.90,27.70,81.90,26.50,79.70,24.80,76.60,27.80,82.00
64,Mauritania,Nouadhibou,18.30,64.90,19.20,66.60,20.10,68.20,19.90,67.80,20.40,68.70,22.80,73.00,22.40,72.30,23.50,74.30,24.60,76.30,23.30,73.90,21.20,70.20,19.20,66.60,21.30,70.30
65,Mauritania,Nouakchott,21.50,70.70,23.00,73.40,24.20,75.60,24.30,75.70,25.80,78.40,26.70,80.10,27.30,81.10,28.40,83.10,29.60,85.30,28.80,83.80,25.80,78.40,22.80,73.00,25.70,78.30
66,Morocco,Ifrane,4.10,39.40,5.20,41.40,6.60,43.90,8.00,46.40,11.80,53.20,15.90,60.60,21.20,70.20,21.40,70.50,17.90,64.20,12.50,54.50,7.80,46.00,4.70,40.50,11.40,52.50
67,Morocco,Rabat,12.60,54.70,13.10,55.60,14.20,57.60,15.20,59.40,17.40,63.30,19.80,67.60,22.20,72.00,22.40,72.30,21.50,70.70,19.00,66.20,15.90,60.60,13.20,55.80,17.20,63.00
68,Morocco,Marrakesh,12.20,54.00,13.80,56.80,15.80,60.40,17.30,63.10,20.60,69.10,23.80,74.80,28.30,82.90,28.30,82.90,25.30,77.50,21.10,70.00,16.30,61.30,12.60,54.70,19.60,67.30
69,Morocco,Ouarzazate,9.30,48.70,11.90,53.40,14.80,58.60,17.60,63.70,21.70,71.10,25.90,78.60,29.50,85.10,28.80,83.80,24.60,76.30,19.40,66.90,13.70,56.70,9.50,49.10,18.90,66.00
70,Mozambique,Maputo,26.30,79.30,26.20,79.20,25.60,78.10,23.50,74.30,21.40,70.50,18.90,66.00,18.80,65.80,20.00,68.00,21.50,70.70,22.40,72.30,23.80,74.80,25.50,77.90,22.80,73.00
71,Niger,Niamey,24.30,75.70,27.30,81.10,30.90,87.60,33.80,92.80,34.00,93.20,31.50,88.70,29.00,84.20,27.90,82.20,29.00,84.20,30.80,87.40,27.90,82.20,25.00,77.00,29.30,84.70
72,Nigeria,Lagos,27.30,81.10,28.50,83.30,28.50,83.30,28.00,82.00,27.10,80.80,25.60,78.10,25.30,77.50,25.10,77.20,25.50,77.90,26.40,79.50,27.20,81.00,27.20,81.00,26.80,80.20
73,Nigeria,Makurdi,26.90,80.40,27.30,81.10,27.30,81.10,27.10,80.80,26.60,79.90,24.40,75.90,23.50,74.30,24.70,76.50,25.40,77.70,25.90,78.60,26.10,79.00,26.50,79.70,26.00,78.80
74,Nigeria,Jos,21.30,70.30,22.90,73.20,24.90,76.80,25.70,78.30,24.50,76.10,22.70,72.90,21.40,70.50,20.90,69.60,21.90,71.40,22.90,73.20,22.70,72.90,21.50,70.70,22.80,73.00
75,Nigeria,Kano,21.20,70.20,24.40,75.90,28.70,83.70,31.30,88.30,30.90,87.60,28.20,82.80,26.20,79.20,25.50,77.90,26.60,79.90,27.30,81.10,24.60,76.30,21.60,70.90,26.40,79.50
76,Nigeria,Sokoto,25.00,77.00,26.00,79.00,30.00,86.00,32.00,90.00,32.00,90.00,31.00,88.00,28.00,82.00,27.00,81.00,28.00,82.00,28.00,82.00,27.00,81.00,25.00,77.00,28.00,82.00
77,Republic of the Congo,Brazzaville,26.00,79.00,26.00,79.00,27.00,81.00,26.00,79.00,26.00,79.00,23.00,73.00,22.00,72.00,23.00,73.00,25.00,77.00,26.00,79.00,26.00,79.00,26.00,79.00,25.00,77.00
78,Republic of the Congo,Pointe-Noire,27.50,81.50,27.60,81.70,27.90,82.20,27.80,82.00,26.80,80.20,24.50,76.10,23.10,73.60,23.30,73.90,24.50,76.10,26.30,79.30,26.70,80.10,26.90,80.40,26.10,79.00
79,Republic of the Congo,Dolisie,25.00,77.00,26.00,79.00,26.00,79.00,26.00,79.00,25.00,77.00,23.00,73.00,21.00,70.00,22.00,72.00,23.00,73.00,25.00,77.00,25.00,77.00,25.00,77.00,24.00,75.00
80,Senegal,Dakar,21.00,70.00,21.00,70.00,21.00,70.00,21.00,70.00,22.00,72.00,25.00,77.00,27.00,81.00,27.00,81.00,27.00,81.00,27.00,81.00,26.00,79.00,23.00,73.00,24.00,75.00
81,Senegal,Thiès,21.00,70.00,21.00,70.00,21.00,70.00,22.00,72.00,24.00,75.00,26.00,79.00,27.00,81.00,27.00,81.00,27.00,81.00,27.00,81.00,26.00,79.00,23.00,73.00,24.00,75.00
82,Somalia,Bosaso,25.00,77.00,25.00,77.00,26.70,80.10,28.80,83.80,31.10,88.00,35.60,96.10,35.60,96.10,36.10,97.00,33.30,91.90,27.80,82.00,25.60,78.10,25.60,78.10,30.00,86.00
83,Somalia,Hargeisa,17.70,63.90,18.70,65.70,21.60,70.90,23.00,73.40,24.10,75.40,24.30,75.70,23.60,74.50,23.60,74.50,23.60,74.50,24.10,75.40,18.70,65.70,18.00,64.40,21.70,71.10
84,Somalia,Mogadishu,26.60,79.90,26.90,80.40,28.00,82.40,28.90,84.00,28.20,82.80,26.70,80.10,25.40,77.70,25.90,78.60,26.50,79.70,27.30,81.10,27.50,81.50,26.90,80.40,27.10,80.80
85,South Africa,Pretoria,22.60,72.70,22.10,71.80,21.00,69.80,17.90,64.20,14.70,58.50,11.50,52.70,11.90,53.40,14.70,58.50,18.60,65.50,20.10,68.20,21.00,69.80,21.90,71.40,18.20,64.80
86,South Africa,Cape Town,20.40,68.70,20.40,68.70,19.20,66.60,16.90,62.40,14.40,57.90,12.50,54.50,11.90,53.40,12.40,54.30,13.70,56.70,15.60,60.10,17.90,64.20,19.50,67.10,16.20,61.20
87,South Africa,Johannesburg,19.50,67.10,19.00,66.20,18.00,64.40,15.30,59.50,12.60,54.70,9.60,49.30,10.00,50.00,12.50,54.50,15.90,60.60,17.10,62.80,17.90,64.20,19.00,66.20,15.50,59.90
88,South Africa,Bloemfontein,22.80,73.00,21.40,70.50,19.20,66.60,14.90,58.80,10.70,51.30,6.90,44.40,7.20,45.00,10.10,50.20,14.60,58.30,17.50,63.50,19.90,67.80,21.90,71.40,15.60,60.10
89,South Africa,Upington,27.80,82.00,26.90,80.40,24.70,76.50,20.20,68.40,15.70,60.30,12.10,53.80,11.90,53.40,14.00,57.20,18.10,64.60,21.40,70.50,24.70,76.50,26.90,80.40,20.40,68.70
90,South Africa,Durban,24.10,75.40,24.30,75.70,23.70,74.70,21.60,70.90,19.10,66.40,16.60,61.90,16.50,61.70,17.70,63.90,19.20,66.60,20.10,68.20,21.40,70.50,23.10,73.60,20.60,69.10
91,South Sudan,Juba,28.30,82.90,29.50,85.10,29.90,85.80,29.20,84.60,27.90,82.20,26.90,80.40,25.90,78.60,26.10,79.00,26.80,80.20,27.50,81.50,27.60,81.70,27.70,81.90,27.80,82.00
92,South Sudan,Wau,26.80,80.20,28.50,83.30,30.40,86.70,30.60,87.10,29.30,84.70,27.50,81.50,26.30,79.30,26.20,79.20,26.80,80.20,27.40,81.30,27.40,81.30,26.50,79.70,27.80,82.00
93,Spain,Las Palmas de Gran Canaria,18.10,64.60,18.40,65.10,19.30,66.70,19.50,67.10,20.50,68.90,22.20,72.00,23.80,74.80,24.60,76.30,24.30,75.70,23.10,73.60,21.20,70.20,19.30,66.70,21.20,70.20
94,Sudan,Port Sudan,23.30,73.90,23.00,73.40,24.30,75.70,26.50,79.70,29.30,84.70,32.20,90.00,34.10,93.40,34.50,94.10,32.10,89.80,29.30,84.70,27.30,81.10,24.70,76.50,28.40,83.10
95,Sudan,Khartoum,23.20,73.80,25.00,77.00,28.70,83.70,31.90,89.40,34.50,94.10,34.30,93.70,32.10,89.80,31.50,88.70,32.50,90.50,32.40,90.30,28.10,82.60,24.50,76.10,29.90,85.80
96,Tanzania,Dar es Salaam,27.40,81.30,27.70,81.90,27.40,81.30,26.50,79.70,25.50,77.90,24.20,75.60,23.50,74.30,23.70,74.70,24.30,75.70,25.30,77.50,26.30,79.30,27.30,81.10,25.80,78.40
97,Tanzania,Zanzibar City,28.00,82.00,28.00,82.00,28.00,82.00,27.00,81.00,25.00,77.00,25.00,77.00,24.00,75.00,25.00,77.00,25.00,77.00,26.00,79.00,27.00,81.00,27.00,81.00,26.00,79.00
98,Tanzania,Tabora,22.00,72.00,22.00,72.00,22.00,72.00,22.00,72.00,22.00,72.00,21.00,70.00,21.00,70.00,22.00,72.00,24.00,75.00,25.00,77.00,24.00,75.00,22.00,72.00,23.00,73.00
99,Tanzania,Dodoma,23.80,74.80,23.00,73.40,23.50,74.30,22.80,73.00,22.10,71.80,21.40,70.50,19.80,67.60,20.50,68.90,22.30,72.10,23.80,74.80,25.10,77.20,24.60,76.30,22.70,72.90
100,Togo,Lomé,27.10,80.80,28.20,82.80,28.50,83.30,28.20,82.80,27.40,81.30,26.20,79.20,25.30,77.50,25.20,77.40,25.80,78.40,26.60,79.90,27.30,81.10,27.10,80.80,26.90,80.40
101,Togo,Mango,26.80,80.20,29.40,84.90,31.50,88.70,31.40,88.50,29.60,85.30,27.50,81.50,26.40,79.50,26.00,78.80,26.40,79.50,27.90,82.20,27.90,82.20,26.70,80.10,28.10,82.60
102,Tunisia,Tunis,11.50,52.70,12.00,53.60,13.20,55.80,15.60,60.10,19.30,66.70,23.20,73.80,26.30,79.30,26.80,80.20,24.40,75.90,20.40,68.70,15.90,60.60,12.50,54.50,18.40,65.10
103,Tunisia,Gabès,12.00,53.60,13.30,55.90,15.10,59.20,17.70,63.90,20.80,69.40,24.00,75.20,26.60,79.90,27.40,81.30,25.60,78.10,21.70,71.10,16.80,62.20,13.00,55.40,19.50,67.10
104,Uganda,Kampala,22.00,72.00,22.00,72.00,22.00,72.00,21.00,70.00,20.00,68.00,20.00,68.00,20.00,68.00,20.00,68.00,20.00,68.00,21.00,70.00,21.00,70.00,21.00,70.00,20.00,68.00
105,Uganda,Entebbe,21.00,70.00,22.00,72.00,22.00,72.00,21.00,70.00,21.00,70.00,21.00,70.00,20.00,68.00,20.00,68.00,21.00,70.00,21.00,70.00,21.00,70.00,21.00,70.00,21.00,70.00
106,Zambia,Ndola,20.80,69.40,20.80,69.40,21.00,69.80,20.50,68.90,18.60,65.50,16.50,61.70,16.70,62.10,19.20,66.60,22.50,72.50,23.70,74.70,22.50,72.50,21.00,69.80,20.30,68.50
107,Zambia,Lusaka,21.50,70.70,21.50,70.70,21.10,70.00,19.90,67.80,17.40,63.30,15.20,59.40,14.90,58.80,17.30,63.10,21.30,70.30,23.50,74.30,23.40,74.10,21.70,71.10,19.90,67.80
108,Zambia,Livingstone,23.60,74.50,23.20,73.80,23.10,73.60,21.90,71.40,18.90,66.00,16.00,60.80,16.10,61.00,19.30,66.70,23.90,75.00,26.20,79.20,25.10,77.20,23.60,74.50,21.80,71.20
109,Zimbabwe,Harare,21.00,69.80,20.70,69.30,20.30,68.50,18.80,65.80,16.10,61.00,13.70,56.70,13.40,56.10,15.50,59.90,18.60,65.50,20.80,69.40,21.20,70.20,20.90,69.60,18.40,65.10
110,Zimbabwe,Bulawayo,21.80,71.20,21.20,70.20,20.60,69.10,18.70,65.70,16.00,60.80,13.70,56.70,13.80,56.80,16.40,61.50,19.90,67.80,21.60,70.90,21.70,71.10,21.40,70.50,18.90,66.00
111,Afghanistan,Kabul,-2.30,27.90,-0.70,30.70,6.30,43.30,12.80,55.00,17.30,63.10,22.80,73.00,25.00,77.00,24.10,75.40,19.70,67.50,13.10,55.60,5.90,42.60,0.60,33.10,12.10,53.80
112,Azerbaijan,Baku,4.40,39.90,4.20,39.60,7.00,44.60,12.90,55.20,18.50,65.30,23.50,74.30,26.40,79.50,26.30,79.30,22.50,72.50,16.60,61.90,11.20,52.20,7.30,45.10,15.10,59.20
113,Armenia,Yerevan,-3.60,25.50,0.10,32.20,6.30,43.30,12.90,55.20,17.40,63.30,22.60,72.70,26.40,79.50,26.10,79.00,21.10,70.00,13.80,56.80,6.20,43.20,-0.20,31.60,12.40,54.30
114,Bahrain,Manama,17.20,63.00,18.00,64.40,21.20,70.20,25.30,77.50,30.00,86.00,32.60,90.70,34.10,93.40,34.20,93.60,32.50,90.50,29.30,84.70,24.50,76.10,19.30,66.70,26.50,79.70
115,Bangladesh,Dhaka,18.60,65.50,22.00,71.60,26.30,79.30,28.40,83.10,28.80,83.80,29.00,84.20,28.70,83.70,28.90,84.00,28.50,83.30,27.40,81.30,24.00,75.20,20.00,68.00,25.90,78.60
116,Bangladesh,Rangpur,16.30,61.30,19.20,66.60,23.40,74.10,26.10,79.00,27.40,81.30,28.40,83.10,28.60,83.50,28.90,84.00,28.00,82.40,26.20,79.20,22.20,72.00,18.20,64.80,24.40,75.90
117,Bangladesh,Chittagong,19.80,67.60,22.30,72.10,25.70,78.30,27.90,82.20,28.60,83.50,28.40,83.10,27.90,82.20,28.10,82.60,28.30,82.90,27.70,81.90,24.90,76.80,21.20,70.20,25.90,78.60
118,Cambodia,Phnom Penh,26.60,79.90,28.00,82.40,29.40,84.90,30.20,86.40,30.00,86.00,29.20,84.60,28.70,83.70,28.50,83.30,28.20,82.80,27.20,81.00,27.10,80.80,26.30,79.30,28.30,82.90
119,China,Beijing,-3.10,26.40,0.30,32.50,6.70,44.10,14.80,58.60,20.80,69.40,24.90,76.80,26.70,80.10,25.50,77.90,20.80,69.40,13.70,56.70,5.00,41.00,-0.90,30.40,12.90,55.20
120,China,Changsha,4.90,40.80,7.20,45.00,11.20,52.20,17.40,63.30,22.40,72.30,25.80,78.40,29.20,84.60,28.30,82.90,23.90,75.00,18.40,65.10,12.80,55.00,7.30,45.10,17.40,63.30
121,China,Chongqing,8.00,46.40,10.10,50.20,14.00,57.20,18.80,65.80,22.80,73.00,25.30,77.50,28.50,83.30,28.60,83.50,24.30,75.70,18.70,65.70,14.30,57.70,9.30,48.70,18.60,65.50
122,China,Guangzhou,13.90,57.00,15.20,59.40,18.10,64.60,22.40,72.30,25.80,78.40,27.80,82.00,28.90,84.00,28.80,83.80,27.50,81.50,24.70,76.50,20.10,68.20,15.50,59.90,22.40,72.30
123,China,Harbin,-17.60,0.30,-12.10,10.20,-2.70,27.10,7.70,45.90,15.40,59.70,21.40,70.50,23.30,73.90,21.80,71.20,15.40,59.70,6.80,44.20,-4.60,23.70,-14.40,6.10,5.00,41.00
124,China,Kunming,9.10,48.40,11.40,52.50,14.50,58.10,17.70,63.90,19.40,66.90,20.50,68.90,20.30,68.50,20.00,68.00,18.50,65.30,16.00,60.80,12.30,54.10,9.20,48.60,15.70,60.30
125,China,Lhasa,-2.10,28.20,1.10,34.00,4.60,40.30,8.10,46.60,11.90,53.40,15.50,59.90,15.30,59.50,14.50,58.10,12.80,55.00,8.10,46.60,2.20,36.00,-1.70,28.90,7.60,45.70
126,China,Shanghai,4.60,40.30,6.10,43.00,9.60,49.30,15.10,59.20,20.30,68.50,24.10,75.40,28.40,83.10,28.10,82.60,24.40,75.90,19.30,66.70,13.40,56.10,7.10,44.80,16.70,62.10
127,China,Ürümqi,-12.10,10.20,-9.30,15.30,-0.50,31.10,10.40,50.70,17.00,63.00,21.80,71.20,23.90,75.00,22.70,72.90,17.00,63.00,8.40,47.10,-1.50,29.30,-9.40,15.10,7.40,45.30
128,China,Xi'an,0.30,32.50,3.60,38.50,8.70,47.70,15.40,59.70,20.50,68.90,25.30,77.50,27.00,80.60,25.10,77.20,20.30,68.50,14.10,57.40,7.00,44.60,1.50,34.70,14.10,57.40
129,China,Yinchuan,-7.90,17.80,-3.80,25.20,3.20,37.80,11.20,52.20,17.30,63.10,21.50,70.70,23.50,74.30,21.60,70.90,16.30,61.30,9.20,48.60,1.40,34.50,-5.50,22.10,9.00,48.20
130,East Timor,Dili,27.70,81.90,27.60,81.70,27.40,81.30,27.40,81.30,27.00,80.60,26.80,80.20,25.50,77.90,25.10,77.20,25.40,77.70,26.00,78.80,27.20,81.00,27.40,81.30,26.60,79.90
131,Georgia,Batumi,6.00,43.00,7.00,45.00,8.00,46.00,12.00,54.00,16.00,61.00,20.00,68.00,22.00,72.00,22.00,72.00,20.00,68.00,16.00,61.00,12.00,54.00,8.00,46.00,14.00,57.00
132,Georgia,Tbilisi,1.20,34.20,2.70,36.90,6.60,43.90,12.20,54.00,17.40,63.30,21.30,70.30,24.50,76.10,24.10,75.40,19.60,67.30,13.70,56.70,7.80,46.00,3.20,37.80,12.90,55.20
133,China,Hong Kong,16.30,61.30,16.80,62.20,19.10,66.40,22.60,72.70,25.90,78.60,27.90,82.20,28.80,83.80,28.60,83.50,27.70,81.90,25.50,77.90,21.80,71.20,17.90,64.20,23.30,73.90
134,India,Gangtok,8.50,47.30,10.00,50.00,13.30,55.90,16.20,61.20,17.70,63.90,19.20,66.60,19.30,66.70,19.50,67.10,18.70,65.70,16.60,61.90,13.10,55.60,10.10,50.20,15.20,59.40
135,India,New Delhi,13.80,56.80,16.50,61.70,22.10,71.80,28.70,83.70,32.80,91.00,34.00,93.00,30.90,87.60,29.70,85.50,29.00,84.00,26.10,79.00,20.50,68.90,15.30,59.50,25.00,77.00
136,India,Kolkata,20.10,68.20,22.80,73.00,27.60,81.70,30.50,86.90,31.30,88.30,30.40,86.70,29.10,84.40,28.80,83.80,28.80,83.80,27.50,81.50,23.70,74.70,20.30,68.50,26.70,80.10
137,India,Mumbai,23.70,74.70,24.50,76.10,26.80,80.20,28.40,83.10,29.90,85.80,29.20,84.60,27.60,81.70,27.20,81.00,27.30,81.10,28.30,82.90,27.20,81.00,25.20,77.40,27.10,80.80
138,Indonesia,Jakarta,26.10,79.00,26.10,79.00,26.40,79.50,27.00,80.60,27.20,81.00,26.70,80.10,26.40,79.50,26.70,80.10,27.00,80.60,27.20,81.00,27.00,80.60,26.40,79.50,26.70,80.10
139,Indonesia,Denpasar,24.10,75.40,24.20,75.60,24.00,75.20,24.80,76.60,24.10,75.40,23.50,74.30,22.50,72.50,22.90,73.20,23.00,73.40,23.70,74.70,23.50,74.30,23.50,74.30,23.70,74.70
140,Indonesia,Jayapura,27.10,80.80,26.90,80.40,27.10,80.80,27.30,81.10,27.20,81.00,26.90,80.40,26.40,79.50,26.60,79.90,26.90,80.40,27.20,81.00,27.30,81.10,27.00,80.60,27.00,80.60
141,Indonesia,Makassar,26.00,78.80,26.30,79.30,27.40,81.30,27.60,81.70,26.90,80.40,26.00,78.80,25.60,78.10,26.00,78.80,26.70,80.10,27.50,81.50,27.70,81.90,26.10,79.00,26.70,80.10
142,Indonesia,Medan,25.60,78.10,26.10,79.00,26.70,80.10,27.20,81.00,27.30,81.10,27.10,80.80,27.00,80.60,26.90,80.40,26.60,79.90,26.10,79.00,26.00,78.80,25.80,78.40,26.50,79.70
143,Indonesia,Palembang,26.80,80.20,27.10,80.80,27.20,81.00,27.70,81.90,28.00,82.40,27.40,81.30,27.00,80.60,27.20,81.00,27.50,81.50,27.70,81.90,27.40,81.30,27.00,80.60,27.30,81.10
144,Indonesia,Pontianak,26.90,80.40,27.90,82.20,28.20,82.80,28.10,82.60,28.00,82.40,27.80,82.00,27.50,81.50,27.80,82.00,28.30,82.90,27.70,81.90,27.30,81.10,27.20,81.00,27.70,81.90
145,Indonesia,Surabaya,26.80,80.20,26.80,80.20,27.00,80.60,27.30,81.10,27.30,81.10,26.70,80.10,26.20,79.20,26.50,79.70,27.20,81.00,28.20,82.80,28.30,82.90,27.30,81.10,27.10,80.80
146,Iraq,Baghdad,9.70,49.50,12.00,54.00,16.60,61.90,22.60,72.70,28.30,82.90,32.30,90.10,34.80,94.60,34.00,93.00,30.50,86.90,24.70,76.50,16.50,61.70,11.20,52.20,22.77,72.99
147,Iraq,Erbil,6.20,43.20,8.10,46.60,12.20,54.00,17.40,63.30,23.60,74.50,28.90,84.00,32.90,91.20,32.10,89.80,28.20,82.80,21.40,70.50,14.10,57.40,8.30,46.90,19.50,67.10
148,Iran,Tehran,1.00,34.00,5.00,41.00,10.00,50.00,17.00,63.00,21.00,70.00,27.00,81.00,31.00,88.00,29.00,84.00,26.00,79.00,18.00,64.00,11.00,52.00,5.00,41.00,17.00,63.00
149,Iran,Ahvaz,12.30,54.10,14.70,58.50,19.00,66.20,24.90,76.80,31.10,88.00,35.20,95.40,37.30,99.10,36.70,98.10,33.00,91.40,27.30,81.10,19.80,67.60,14.00,57.20,25.40,77.70
150,Iran,Tabriz,-1.70,28.90,0.50,32.90,5.60,42.10,11.50,52.70,16.70,62.10,22.10,71.80,26.00,78.80,25.90,78.60,21.40,70.50,14.50,58.10,7.10,44.80,1.20,34.20,12.60,54.70
151,Israel,Tel Aviv,12.00,54.00,13.00,55.00,15.00,59.00,18.00,64.00,21.00,70.00,23.00,73.00,26.00,79.00,26.00,79.00,25.00,77.00,22.00,72.00,18.00,64.00,13.00,55.00,20.00,68.00
152,Japan,Sapporo,-3.60,25.50,-3.10,26.40,0.60,33.10,7.10,44.80,12.40,54.30,16.70,62.10,20.50,68.90,22.30,72.10,18.10,64.60,11.80,53.20,4.90,40.80,-0.90,30.40,8.90,48.00
153,Japan,Niigata,2.80,37.00,2.90,37.20,5.80,42.40,11.50,52.70,16.50,61.70,20.70,69.30,24.50,76.10,26.60,79.90,22.50,72.50,16.40,61.50,10.50,50.90,5.60,42.10,13.90,57.00
154,Japan,Tokyo,5.20,41.40,5.70,42.30,8.70,47.70,13.90,57.00,18.20,64.80,21.40,70.50,25.00,77.00,26.40,79.50,22.80,73.00,17.50,63.50,12.10,53.80,7.60,45.70,15.40,59.70
155,Japan,Kyoto,4.60,40.30,5.10,41.20,8.40,47.10,14.20,57.60,19.00,66.20,23.00,73.40,26.80,80.20,28.20,82.80,24.10,75.40,17.80,64.00,12.10,53.80,7.00,44.60,15.80,60.40
156,Japan,Hiroshima,5.20,41.40,6.00,42.80,9.10,48.40,14.70,58.50,19.30,66.70,23.00,73.40,27.10,80.80,28.20,82.80,24.40,75.90,18.30,64.90,12.50,54.50,7.50,45.50,16.30,61.30
157,Japan,Fukuoka,6.60,43.90,7.40,45.30,10.40,50.70,15.10,59.20,19.40,66.90,23.00,73.40,27.20,81.00,28.10,82.60,24.40,75.90,19.20,66.60,13.80,56.80,8.90,48.00,17.00,62.60
158,Japan,Naha,17.00,62.60,17.10,62.80,18.90,66.00,21.40,70.50,24.00,75.20,26.80,80.20,28.90,84.00,28.70,83.70,27.60,81.70,25.20,77.40,22.10,71.80,18.70,65.70,23.10,73.60
159,Kazakhstan,Almaty,-4.70,23.50,-3.00,26.60,3.40,38.10,11.50,52.70,16.60,61.90,21.60,70.90,23.80,74.80,23.00,73.40,17.60,63.70,9.90,49.80,2.70,36.90,-2.80,27.00,10.00,50.00
160,Kazakhstan,Astana,-14.20,6.40,-14.10,6.60,-7.10,19.20,5.20,41.40,13.90,57.00,19.50,67.10,20.80,69.40,18.80,65.80,12.30,54.10,4.60,40.30,-5.40,22.30,-12.10,10.20,3.50,38.30
161,North Korea,Pyongyang,-5.80,21.60,2.40,36.30,4.40,39.90,11.20,52.20,17.10,62.80,21.70,71.10,24.30,75.70,24.60,76.30,19.60,67.30,12.50,54.50,4.70,40.50,-2.90,26.80,10.80,51.40
162,South Korea,Seoul,-2.40,27.70,0.40,32.70,5.70,42.30,12.50,54.50,17.80,64.00,22.20,72.00,24.90,76.80,25.70,78.30,21.20,70.20,14.80,58.60,7.20,45.00,0.40,32.70,12.50,54.50
163,Kuwait,Kuwait City,12.50,54.50,14.80,58.60,19.30,66.70,24.90,76.80,31.50,88.70,36.00,96.80,37.70,99.90,36.80,98.20,33.30,91.90,27.30,81.10,19.90,67.80,14.10,57.40,25.70,78.30
164,Kyrgyzstan,Bishkek,-2.60,27.30,-0.80,30.60,5.30,41.50,12.30,54.10,17.40,63.30,22.40,72.30,24.90,76.80,23.80,74.80,18.50,65.30,11.00,51.80,4.70,40.50,-0.90,30.40,11.30,52.30
165,Laos,Vientiane,21.70,71.10,24.00,75.20,26.70,80.10,28.50,83.30,27.70,81.90,27.70,81.90,27.50,81.50,27.20,81.00,27.00,80.60,26.40,79.50,24.30,75.70,21.70,71.10,25.90,78.60
166,Lebanon,Beirut,14.00,57.20,14.00,57.20,16.00,60.80,18.70,65.70,21.70,71.10,24.90,76.80,27.10,80.80,27.80,82.00,26.80,80.20,24.10,75.40,19.50,67.10,15.80,60.40,20.90,69.60
167,Malaysia,Kuala Lumpur,26.90,80.40,27.30,81.10,27.60,81.70,27.70,81.90,28.00,82.40,27.90,82.20,27.40,81.30,27.50,81.50,27.20,81.00,27.10,80.80,26.80,80.20,26.70,80.10,27.30,81.10
168,Maldives,Malé,27.70,81.90,28.00,82.40,28.50,83.30,28.90,84.00,28.60,83.50,28.20,82.80,28.00,82.40,27.80,82.00,27.60,81.70,27.60,81.70,27.70,81.90,27.50,81.50,28.00,82.40
169,Mongolia,Ulaanbaatar,-21.60,-6.90,-16.60,2.10,-7.40,18.70,2.00,35.60,10.10,50.20,15.70,60.30,18.20,64.80,16.00,60.80,9.60,49.30,0.50,32.90,-11.90,10.60,-19.00,-2.20,-0.40,31.30
170,Myanmar,Mandalay,21.90,71.40,24.40,75.90,28.80,83.80,31.90,89.40,31.30,88.30,30.80,87.40,30.80,87.40,30.20,86.40,29.70,85.50,28.80,83.80,25.70,78.30,22.20,72.00,28.00,82.40
171,Myanmar,Yangon,25.00,77.00,26.30,79.30,28.60,83.50,30.60,87.10,29.60,85.30,27.40,81.30,26.90,80.40,26.90,80.40,27.40,81.30,27.90,82.20,27.40,81.30,25.40,77.70,27.50,81.50
172,Nepal,Kathmandu,10.00,50.00,11.90,53.40,16.10,61.00,19.20,66.60,21.80,71.20,23.80,74.80,24.10,75.40,24.10,75.40,23.30,73.90,19.10,66.40,14.80,58.60,11.30,52.30,18.30,64.90
173,Oman,Muscat,21.00,70.00,22.00,72.00,25.00,77.00,30.00,86.00,34.00,93.00,35.00,95.00,34.00,93.00,32.00,90.00,31.00,88.00,30.00,86.00,25.00,77.00,22.00,72.00,28.00,82.00
174,Pakistan,Karachi,18.10,64.60,20.20,68.40,24.50,76.10,28.30,82.90,30.50,86.90,31.40,88.50,30.30,86.50,28.90,84.00,28.90,84.00,27.90,82.20,23.90,75.00,19.50,67.10,26.00,78.80
175,Pakistan,Lahore,12.80,55.00,15.40,59.70,20.50,68.90,26.80,80.20,31.20,88.20,33.90,93.00,31.50,88.70,30.70,87.30,29.70,85.50,25.60,78.10,19.50,67.10,14.20,57.60,24.30,75.70
176,Philippines,Manila,26.70,80.10,27.40,81.30,28.70,83.70,30.10,86.20,30.00,86.00,29.30,84.70,28.50,83.30,28.30,82.90,28.40,83.10,28.40,83.10,28.00,82.40,27.00,80.60,28.40,83.10
177,Philippines,Baguio,18.10,64.60,18.50,65.30,19.70,67.50,20.70,69.30,20.60,69.10,20.40,68.70,19.60,67.30,19.30,66.70,19.60,67.30,19.60,67.30,19.50,67.10,18.80,65.80,19.50,67.10
178,Russia,Anadyr,-22.60,-8.70,-22.00,-7.60,-19.30,-2.70,-12.80,9.00,-1.60,29.10,6.30,43.30,11.60,52.90,10.10,50.20,4.70,40.50,-4.60,23.70,-13.30,8.10,-19.30,-2.70,-6.90,19.60
179,Russia,Dikson,-24.80,-12.60,-25.40,-13.70,-22.10,-7.80,-17.20,1.00,-7.80,18.00,0.40,32.70,4.90,40.80,5.50,41.90,1.60,34.90,-7.50,18.50,-17.50,0.50,-22.90,-9.20,-11.10,12.00
180,Russia,Irkutsk,-17.80,0.00,-14.40,6.10,-6.40,20.50,2.50,36.50,10.20,50.40,15.40,59.70,18.30,64.90,15.90,60.60,9.20,48.60,1.80,35.20,-7.60,18.30,-15.30,4.50,1.00,33.80
181,Russia,Novosibirsk,-16.50,2.30,-14.80,5.40,-7.60,18.30,2.30,36.10,11.80,53.20,17.10,62.80,19.40,66.90,16.60,61.90,10.20,50.40,3.10,37.60,-6.90,19.60,-14.00,6.80,1.70,35.10
182,Russia,"Petropavlovsk-
Kamchatsky",-7.60,18.30,-7.10,19.20,-4.60,23.70,-0.60,30.90,3.40,38.10,8.20,46.80,11.50,52.70,12.50,54.50,9.70,49.50,4.90,40.80,-1.30,29.70,-5.80,21.60,1.90,35.40
183,Russia,Vladivostok,-12.30,9.90,-8.40,16.90,-1.90,28.60,5.10,41.20,9.80,49.60,13.60,56.50,17.60,63.70,19.80,67.60,16.00,60.80,8.90,48.00,-0.90,30.40,-9.10,15.60,4.90,40.80
184,Russia,Yakutsk,-38.60,-37.50,-33.80,-28.80,-20.10,-4.20,-4.80,23.40,7.50,45.50,16.40,61.50,19.50,67.10,15.20,59.40,6.10,43.00,-7.80,18.00,-27.00,-16.60,-37.60,-35.70,-8.80,16.20
185,Saudi Arabia,Abha,13.00,55.00,14.00,57.00,16.00,61.00,18.00,64.00,21.00,70.00,23.00,73.00,23.00,73.00,22.00,72.00,21.00,70.00,18.00,64.00,15.00,59.00,13.00,55.00,18.00,64.00
186,Saudi Arabia,Riyadh,14.00,57.00,16.00,61.00,21.00,70.00,26.00,79.00,32.00,90.00,34.00,93.00,36.00,97.00,35.00,95.00,32.00,90.00,27.00,81.00,21.00,70.00,16.00,61.00,26.00,79.00
187,Singapore,Singapore,27.00,81.00,27.00,81.00,28.00,82.00,28.00,82.00,28.00,82.00,28.00,82.00,28.00,82.00,28.00,82.00,27.00,81.00,27.00,81.00,27.00,81.00,26.00,79.00,27.00,81.00
188,Sri Lanka,Colombo,26.60,79.90,26.90,80.40,27.70,81.90,28.20,82.80,28.30,82.90,27.90,82.20,27.60,81.70,27.60,81.70,27.50,81.50,27.00,80.60,26.70,80.10,26.60,79.90,27.40,81.30
189,Syria,Damascus,6.10,43.00,7.70,45.90,11.40,52.50,16.20,61.20,20.80,69.40,25.00,77.00,27.30,81.10,27.00,80.60,24.00,75.20,19.00,66.20,12.10,53.80,7.50,45.50,17.00,62.60
190,Tajikistan,Dushanbe,2.10,35.80,3.80,38.80,9.20,48.60,15.40,59.70,20.00,68.00,25.30,77.50,27.10,80.80,24.90,76.80,20.10,68.20,14.30,57.70,8.90,48.00,4.80,40.60,14.70,58.50
191,Taiwan,Taipei,16.10,61.00,16.50,61.70,18.50,65.30,21.90,71.40,25.20,77.40,27.70,81.90,29.60,85.30,29.20,84.60,27.40,81.30,24.50,76.10,21.50,70.70,17.90,64.20,23.00,73.40
192,Thailand,Bangkok,27.00,80.60,28.30,82.90,29.50,85.10,30.50,86.90,29.90,85.80,29.50,85.10,29.00,84.20,28.80,83.80,28.30,82.90,28.10,82.60,27.80,82.00,26.50,79.70,28.60,83.50
193,Thailand,Chiang Mai,21.50,70.70,23.90,75.00,27.10,80.80,29.30,84.70,28.20,82.80,27.60,81.70,27.20,81.00,26.80,80.20,26.70,80.10,26.10,79.00,24.00,75.20,21.40,70.50,25.80,78.40
194,Thailand,Hat Yai,26.00,78.80,26.70,80.10,27.60,81.70,28.00,82.40,27.80,82.00,27.70,81.90,27.40,81.30,27.40,81.30,26.90,80.40,26.50,79.70,26.00,78.80,25.60,78.10,27.00,80.60
195,Thailand,Nakhon Ratchasima,24.30,75.70,26.90,80.40,28.90,84.00,30.00,86.00,29.10,84.40,29.10,84.40,28.60,83.50,28.10,82.60,27.40,81.30,26.70,80.10,25.40,77.70,23.60,74.50,27.30,81.10
196,Turkey,Ankara,0.40,32.70,1.90,35.40,6.00,42.80,11.30,52.30,16.10,61.00,20.10,68.20,23.60,74.50,23.40,74.10,18.80,65.80,13.00,55.40,7.00,44.60,2.60,36.70,12.00,53.60
197,Turkey,Erzurum,-10.20,13.60,-8.70,16.30,-2.70,27.10,5.10,41.20,10.20,50.40,14.10,57.40,18.40,65.10,18.70,65.70,13.90,57.00,7.50,45.50,0.40,32.70,-6.70,19.90,5.10,41.20
198,Turkey,İzmir,8.90,48.00,9.50,49.10,11.70,53.10,15.90,60.60,20.80,69.40,25.60,78.10,28.00,82.40,27.70,81.90,23.70,74.70,18.80,65.80,14.00,57.20,10.60,51.10,17.90,64.20
199,Turkmenistan,Ashgabat,3.50,38.30,5.50,41.90,10.40,50.70,17.40,63.30,23.30,73.90,29.00,84.20,31.30,88.30,29.60,85.30,23.60,74.50,16.50,61.70,10.20,50.40,5.10,41.20,17.10,62.80
200,"United Arab
Emirates",Dubai,18.70,65.70,19.30,66.70,22.30,72.10,26.10,79.00,29.90,85.80,32.20,90.00,34.40,93.90,34.40,93.90,32.10,89.80,28.70,83.70,24.30,75.70,20.60,69.10,26.90,80.40
201,Uzbekistan,Tashkent,1.90,35.40,3.90,39.00,9.40,48.90,15.50,59.90,20.50,68.90,25.80,78.40,27.80,82.00,26.20,79.20,20.60,69.10,13.90,57.00,8.50,47.30,3.50,38.30,14.80,58.60
202,Vietnam,Da Lat,15.80,60.40,16.70,62.10,17.80,64.00,18.90,66.00,19.30,66.70,19.00,66.20,18.60,65.50,18.50,65.30,18.40,65.10,18.10,64.60,17.30,63.10,16.20,61.20,17.90,64.20
203,Vietnam,Da Nang,21.50,70.70,22.30,72.10,24.20,75.60,26.40,79.50,28.30,82.90,29.20,84.60,29.30,84.70,29.00,84.20,27.50,81.50,25.90,78.60,24.10,75.40,22.10,71.80,25.80,78.40
204,Vietnam,Hanoi,16.40,61.50,17.20,63.00,20.00,68.00,23.90,75.00,27.40,81.30,28.90,84.00,29.20,84.60,28.60,83.50,27.50,81.50,24.90,76.80,21.50,70.70,18.20,64.80,23.60,74.50
205,Vietnam,Ho Chi Minh City,26.00,78.80,26.80,80.20,28.00,82.40,29.20,84.60,28.80,83.80,27.80,82.00,27.50,81.50,27.40,81.30,27.20,81.00,27.00,80.60,26.70,80.10,26.00,78.80,27.40,81.30
206,Yemen,Aden,25.70,78.30,26.00,78.80,27.20,81.00,28.90,84.00,31.00,87.80,32.70,90.90,32.70,90.90,31.50,88.70,31.60,88.90,28.90,84.00,27.10,80.80,26.00,78.80,29.10,84.40
207,Yemen,Sana'a,16.00,61.00,18.00,64.00,20.00,68.00,20.00,68.00,22.00,72.00,23.00,73.00,24.00,75.00,23.00,73.00,22.00,72.00,18.00,64.00,16.00,61.00,15.00,59.00,20.00,68.00
208,Albania,Tirana,6.70,44.10,7.80,46.00,10.00,50.00,13.40,56.10,18.00,64.40,21.60,70.90,24.00,75.20,23.80,74.80,20.70,69.30,16.00,60.80,11.70,53.10,8.10,46.60,15.20,59.40
209,Andorra,Andorra la Vella,2.20,36.00,3.50,38.30,5.80,42.40,7.50,45.50,11.50,52.70,15.40,59.70,18.80,65.80,18.50,65.30,14.90,58.80,10.30,50.50,5.70,42.30,3.00,37.40,9.80,49.60
210,Austria,Vienna,0.30,32.50,1.50,34.70,5.70,42.30,10.70,51.30,15.70,60.30,18.70,65.70,20.80,69.40,20.20,68.40,15.40,59.70,10.20,50.40,5.10,41.20,1.10,34.00,10.40,50.70
211,Belarus,Minsk,-4.50,23.90,-4.40,24.10,0.00,32.00,7.20,45.00,13.30,55.90,16.40,61.50,18.50,65.30,17.50,63.50,12.10,53.80,6.60,43.90,0.60,33.10,-3.40,25.90,6.70,44.10
212,Belgium,Brussels,3.30,37.90,3.70,38.70,6.80,44.20,9.80,49.60,13.60,56.50,16.20,61.20,18.40,65.10,18.00,64.40,14.90,58.80,11.10,52.00,6.80,44.20,3.90,39.00,10.50,50.90
213,Bosnia and Herzegovina,Sarajevo,-0.50,31.10,1.40,34.50,5.70,42.30,10.00,50.00,14.80,58.60,17.70,63.90,19.70,67.50,19.70,67.50,15.30,59.50,11.00,51.80,5.40,41.70,0.90,33.60,10.10,50.20
214,Bulgaria,Sofia,-0.50,31.10,1.10,34.00,5.40,41.70,10.60,51.10,15.40,59.70,18.90,66.00,21.20,70.20,21.00,69.80,16.50,61.70,11.30,52.30,5.10,41.20,0.70,33.30,10.60,51.10
215,Croatia,Zagreb,0.30,32.50,2.30,36.10,6.40,43.50,10.70,51.30,15.80,60.40,18.80,65.80,20.60,69.10,20.10,68.20,15.90,60.60,10.50,50.90,5.00,41.00,1.40,34.50,10.70,51.30
216,Croatia,Split,8.00,46.40,8.40,47.10,10.60,51.10,13.70,56.70,18.90,66.00,22.80,73.00,25.70,78.30,25.40,77.70,21.20,70.20,16.80,62.20,12.00,53.60,9.10,48.40,16.10,61.00
217,Cyprus,Nicosia,10.60,51.10,10.60,51.10,13.10,55.60,17.10,62.80,22.30,72.10,26.90,80.40,29.70,85.50,29.40,84.90,26.20,79.20,22.30,72.10,16.30,61.30,12.00,53.60,19.70,67.50
218,Czech Republic,Prague,-1.40,29.50,-0.40,31.30,3.60,38.50,8.40,47.10,13.40,56.10,16.10,61.00,18.20,64.80,17.80,64.00,13.50,56.30,8.50,47.30,3.10,37.60,-0.30,31.50,8.40,47.10
219,Denmark,Copenhagen,1.40,34.50,1.40,34.50,3.50,38.30,7.70,45.90,12.50,54.50,15.60,60.10,18.10,64.60,17.70,63.90,13.90,57.00,9.80,49.60,5.50,41.90,2.50,36.50,9.10,48.40
220,Estonia,Tallinn,-2.90,26.80,-3.60,25.50,-0.60,30.90,4.80,40.60,10.20,50.40,14.50,58.10,17.60,63.70,16.50,61.70,12.00,53.60,6.50,43.70,2.00,35.60,-0.90,30.40,6.40,43.50
221,Finland,Helsinki,-3.90,25.00,-4.70,23.50,-1.30,29.70,3.90,39.00,10.20,50.40,14.60,58.30,17.80,64.00,16.30,61.30,11.50,52.70,6.60,43.90,1.60,34.90,-2.00,28.40,5.90,42.60
222,Finland,Kuopio,-9.20,15.40,-9.20,15.40,-4.10,24.60,2.00,35.60,9.10,48.40,14.50,58.10,17.50,63.50,15.00,59.00,9.70,49.50,4.10,39.40,-2.00,28.40,-6.70,19.90,3.40,38.10
223,Finland,Oulu,-9.60,14.70,-9.30,15.30,-4.80,23.40,1.40,34.50,7.80,46.00,13.50,56.30,16.50,61.70,14.10,57.40,8.90,48.00,3.30,37.90,-2.80,27.00,-7.10,19.20,2.70,36.90
224,France,Lyon,3.40,38.10,4.80,40.60,8.40,47.10,11.40,52.50,15.80,60.40,19.40,66.90,22.10,71.80,21.60,70.90,17.60,63.70,13.40,56.10,7.50,45.50,4.30,39.70,12.50,54.50
225,France,Marseille,8.40,47.10,8.90,48.00,11.60,52.90,13.80,56.80,17.90,64.20,21.30,70.30,24.50,76.10,24.10,75.40,20.70,69.30,16.90,62.40,11.80,53.20,9.30,48.70,15.80,60.40
226,France,Paris,4.90,40.80,5.60,42.10,8.80,47.80,11.40,52.50,15.10,59.20,18.20,64.80,20.40,68.70,20.20,68.40,16.90,62.40,12.90,55.20,8.10,46.60,5.40,41.70,12.30,54.10
227,Germany,Berlin,0.60,33.10,2.30,36.10,5.10,41.20,10.20,50.40,14.80,58.60,17.90,64.20,20.30,68.50,19.70,67.50,15.30,59.50,10.50,50.90,6.00,42.80,1.30,34.30,10.30,50.50
228,Germany,Frankfurt,1.60,34.90,2.40,36.30,6.40,43.50,10.30,50.50,14.70,58.50,17.80,64.00,20.00,68.00,19.50,67.10,15.20,59.40,10.40,50.70,5.60,42.10,2.50,36.50,10.60,51.10
229,Greece,Athens,10.20,50.40,10.90,51.60,13.20,55.80,16.90,62.40,21.80,71.20,26.60,79.90,29.30,84.70,29.30,84.70,25.00,77.00,20.10,68.20,15.50,59.90,11.50,52.70,19.20,66.60
230,Greece,Heraklion,12.10,53.80,12.20,54.00,13.60,56.50,16.60,61.90,20.40,68.70,24.50,76.10,26.40,79.50,26.30,79.30,23.70,74.70,20.30,68.50,16.80,62.20,13.80,56.80,18.90,66.00
231,Greece,Thessaloniki,6.50,43.70,9.10,48.40,11.30,52.30,15.40,59.70,20.40,68.70,24.90,76.80,27.20,81.00,27.30,81.10,23.00,73.40,17.80,64.00,13.60,56.50,8.10,46.60,17.10,62.80
232,Hungary,Budapest,0.40,32.70,2.30,36.10,6.10,43.00,12.00,53.60,16.60,61.90,19.70,67.50,21.50,70.70,21.20,70.20,16.90,62.40,11.80,53.20,5.40,41.70,1.80,35.20,11.30,52.30
233,Iceland,Reykjavík,-0.50,31.10,0.40,32.70,0.50,32.90,2.90,37.20,6.30,43.30,9.00,48.20,10.60,51.10,10.30,50.50,7.40,45.30,4.40,39.90,1.10,34.00,-0.20,31.60,4.30,39.70
234,Ireland,Dublin,5.30,41.50,5.30,41.50,6.80,44.20,8.30,46.90,10.90,51.60,13.60,56.50,15.60,60.10,15.30,59.50,13.40,56.10,10.50,50.90,7.40,45.30,5.60,42.10,9.80,49.60
235,Italy,Milan,2.50,36.50,4.70,40.50,9.00,48.20,12.20,54.00,17.00,62.60,20.80,69.40,23.60,74.50,23.00,73.40,19.20,66.60,13.40,56.10,7.20,45.00,3.30,37.90,13.00,55.40
236,Italy,Palermo,12.50,54.50,12.60,54.70,13.50,56.30,15.70,60.30,18.90,66.00,22.40,72.30,25.60,78.10,26.20,79.20,24.10,75.40,20.30,68.50,16.80,62.20,13.70,56.70,18.50,65.30
237,Italy,Rome,7.50,45.50,8.20,46.80,10.20,50.40,12.60,54.70,17.20,63.00,21.10,70.00,24.10,75.40,24.50,76.10,20.80,69.40,16.40,61.50,11.40,52.50,8.40,47.10,15.20,59.40
238,Italy,Napoli,8.70,47.70,8.80,47.80,11.10,52.00,13.20,55.80,17.80,64.00,21.40,70.50,24.30,75.70,24.70,76.50,21.40,70.50,17.10,62.80,12.40,54.30,9.80,49.60,15.90,60.60
239,Latvia,Riga,-4.70,23.50,-4.20,24.40,0.50,32.90,5.10,41.20,11.40,52.50,15.50,59.90,16.90,62.40,16.20,61.20,12.00,53.60,7.40,45.30,2.10,35.80,-2.30,27.90,6.20,43.20
240,Liechtenstein,Vaduz,0.80,33.40,2.10,35.80,6.30,43.30,9.90,49.80,14.40,57.90,17.10,62.80,19.00,66.20,18.40,65.10,14.90,58.80,10.90,51.60,5.20,41.40,1.90,35.40,10.10,50.20
241,Lithuania,Vilnius,-6.10,21.00,-4.80,23.40,-0.60,30.90,5.70,42.30,12.50,54.50,15.80,60.40,16.90,62.40,16.30,61.30,11.60,52.90,6.60,43.90,1.20,34.20,-2.90,26.80,6.00,42.80
242,Luxembourg,Luxembourg City,0.80,33.40,1.60,34.90,5.20,41.40,8.70,47.70,13.00,55.40,15.90,60.60,18.20,64.80,17.70,63.90,13.90,57.00,9.50,49.10,4.70,40.50,1.80,35.20,9.30,48.70
243,Macedonia,Skopje,0.10,32.20,2.60,36.70,7.60,45.70,12.10,53.80,17.30,63.10,21.50,70.70,23.80,74.80,23.80,74.80,18.80,65.80,13.10,55.60,6.50,43.70,1.70,35.10,12.40,54.30
244,Malta,Valletta,12.80,55.00,12.80,55.00,13.30,55.90,15.60,60.10,18.90,66.00,22.80,73.00,26.10,79.00,26.70,80.10,23.90,75.00,21.10,70.00,17.20,63.00,13.90,57.00,18.80,65.80
245,Moldova,Chișinău,-1.90,28.60,-0.80,30.60,3.70,38.70,10.40,50.70,16.50,61.70,19.90,67.80,22.10,71.80,21.70,71.10,16.30,61.30,10.50,50.90,4.10,39.40,-0.60,30.90,10.20,50.40
246,Monaco,Monaco,10.20,50.40,10.20,50.40,12.00,53.60,13.80,56.80,17.50,63.50,20.90,69.60,23.80,74.80,24.20,75.60,21.10,70.00,17.90,64.20,13.80,56.80,11.20,52.20,16.40,61.50
247,Montenegro,Podgorica,5.00,41.00,6.80,44.20,10.00,50.00,13.90,57.00,19.00,66.20,22.80,73.00,26.00,78.80,25.60,78.10,21.40,70.50,15.90,60.60,10.50,50.90,6.50,43.70,15.30,59.50
248,Netherlands,Amsterdam,3.40,38.10,3.50,38.30,6.10,43.00,9.10,48.40,12.90,55.20,15.40,59.70,17.60,63.70,17.50,63.50,14.70,58.50,11.00,51.80,7.10,44.80,4.00,39.20,10.20,50.40
249,Norway,Bergen,1.50,34.70,1.60,34.90,3.30,37.90,5.90,42.60,10.50,50.90,13.50,56.30,14.50,58.10,14.40,57.90,11.50,52.70,8.70,47.70,4.70,40.50,2.60,36.70,7.70,45.90
250,Norway,Oslo,-4.30,24.30,-4.00,24.80,-0.20,31.60,4.50,40.10,10.80,51.40,15.20,59.40,16.40,61.50,15.20,59.40,10.80,51.40,6.30,43.30,0.70,33.30,-3.10,26.40,5.70,42.30
251,Norway,Tromsø,-3.80,25.20,-3.70,25.30,-2.30,27.90,0.70,33.30,5.10,41.20,9.20,48.60,11.80,53.20,10.90,51.60,6.90,44.40,3.20,37.80,-0.60,30.90,-2.70,27.10,2.90,37.20
252,Poland,Cracow,-1.00,30.20,0.40,32.70,4.10,39.40,9.80,49.60,14.60,58.30,18.30,64.90,20.00,68.00,19.20,66.60,14.10,57.40,9.20,48.60,4.40,39.90,0.20,32.40,9.30,48.70
253,Poland,Suwałki,-3.30,26.10,-2.60,27.30,0.90,33.60,7.30,45.10,12.60,54.70,15.90,60.60,18.10,64.60,17.40,63.30,12.50,54.50,7.00,44.60,2.30,36.10,-1.60,29.10,7.20,45.00
254,Poland,Warsaw,-1.80,28.80,-0.60,30.90,2.80,37.00,8.70,47.70,14.20,57.60,17.00,62.60,19.20,66.60,18.30,64.90,13.50,56.30,8.50,47.30,3.30,37.90,-0.70,30.70,8.50,47.30
255,Poland,Wrocław,0.00,32.00,1.10,34.00,4.30,39.70,9.70,49.50,14.30,57.70,17.70,63.90,19.70,67.50,19.30,66.70,14.50,58.10,9.60,49.30,4.80,40.60,1.10,34.00,9.60,49.30
256,Portugal,Lisbon,11.60,52.90,12.70,54.90,14.90,58.80,15.90,60.60,18.00,64.40,21.20,70.20,23.10,73.60,23.50,74.30,22.10,71.80,18.80,65.80,15.00,59.00,12.40,54.30,17.50,63.50
257,Portugal,Porto,10.20,50.40,10.90,51.60,13.50,56.30,14.60,58.30,17.00,62.60,19.50,67.10,21.30,70.30,21.40,70.50,19.30,66.70,16.60,61.90,13.40,56.10,11.00,51.80,15.70,60.30
258,Romania,Bucharest,-1.30,29.70,0.40,32.70,5.40,41.70,11.20,52.20,16.80,62.20,20.60,69.10,22.50,72.50,22.00,71.60,16.90,62.40,11.00,51.80,4.70,40.50,0.20,32.40,10.80,51.40
259,Russia,Arkhangelsk,-12.70,9.10,-11.40,11.50,-5.50,22.10,0.40,32.70,6.90,44.40,13.00,55.40,16.30,61.30,13.10,55.60,8.20,46.80,2.30,36.10,-5.10,22.80,-9.80,14.40,1.30,34.30
260,Russia,Moscow,-6.50,20.30,-6.70,19.90,-1.00,30.20,6.70,44.10,13.20,55.80,17.00,62.60,19.20,66.60,17.00,62.60,11.30,52.30,5.60,42.10,-1.20,29.80,-5.20,22.60,5.80,42.40
261,Russia,Murmansk,-10.10,13.80,-9.70,14.50,-5.50,22.10,-0.70,30.70,4.00,39.20,9.20,48.60,12.80,55.00,11.10,52.00,7.00,44.60,1.50,34.70,-4.80,23.40,-8.20,17.20,0.60,33.10
262,Russia,Rostov-on-Don,-3.00,26.60,-2.80,27.00,2.40,36.30,10.60,51.10,16.60,61.90,21.00,69.80,23.40,74.10,22.60,72.70,16.70,62.10,10.00,50.00,2.90,37.20,-1.60,29.10,9.90,49.80
263,Russia,Saint Petersburg,-5.50,22.10,-5.80,21.60,-1.30,29.70,5.10,41.20,11.30,52.30,15.70,60.30,18.80,65.80,16.90,62.40,11.60,52.90,6.20,43.20,0.10,32.20,-3.70,25.30,5.80,42.40
264,Russia,Sochi,6.10,43.00,6.00,42.80,8.20,46.80,12.10,53.80,16.00,60.80,20.20,68.40,23.20,73.80,23.60,74.50,20.00,68.00,15.80,60.40,11.10,52.00,8.10,46.60,14.20,57.60
265,San Marino,City of San Marino,2.70,36.90,4.20,39.60,6.40,43.50,10.10,50.20,14.60,58.30,18.50,65.30,21.30,70.30,21.40,70.50,17.80,64.00,12.80,55.00,8.00,46.40,4.20,39.60,11.80,53.20
266,Serbia,Belgrade,1.40,34.50,3.10,37.60,7.60,45.70,12.90,55.20,18.10,64.60,21.00,69.80,23.00,73.40,22.70,72.90,18.00,64.40,12.90,55.20,7.10,44.80,2.70,36.90,12.50,54.50
267,Slovakia,Bratislava,-0.40,31.30,1.20,34.20,5.50,41.90,11.00,51.80,16.00,60.80,19.10,66.40,21.30,70.30,20.70,69.30,15.90,60.60,10.40,50.70,4.90,40.80,0.70,33.30,10.50,50.90
268,Slovenia,Ljubljana,0.30,32.50,1.90,35.40,6.50,43.70,10.80,51.40,15.80,60.40,19.10,66.40,21.30,70.30,20.60,69.10,16.00,60.80,11.20,52.20,5.60,42.10,1.20,34.20,10.90,51.60
269,Spain,Barcelona,11.80,53.20,12.40,54.30,14.20,57.60,15.80,60.40,19.30,66.70,23.00,73.40,25.70,78.30,26.10,79.00,23.00,73.40,19.50,67.10,14.90,58.80,12.30,54.10,18.20,64.80
270,Spain,Madrid,6.30,43.30,7.90,46.20,11.20,52.20,12.90,55.20,16.70,62.10,22.20,72.00,25.60,78.10,25.10,77.20,20.90,69.60,15.10,59.20,9.90,49.80,6.90,44.40,15.00,59.00
271,Spain,Seville,11.00,51.80,12.50,54.50,15.60,60.10,17.30,63.10,20.70,69.30,25.10,77.20,28.20,82.80,27.90,82.20,25.00,77.00,20.20,68.40,15.10,59.20,11.90,53.40,19.20,66.60
272,Spain,Valencia,11.80,53.20,12.50,54.50,14.60,58.30,16.20,61.20,19.00,66.20,22.90,73.20,25.60,78.10,26.10,79.00,23.50,74.30,19.70,67.50,15.30,59.50,12.60,54.70,18.30,64.90
273,Sweden,Stockholm,-2.80,27.00,-3.00,26.60,0.10,32.20,4.60,40.30,10.70,51.30,15.60,60.10,17.20,63.00,16.20,61.20,11.90,53.40,7.50,45.50,2.60,36.70,-1.00,30.20,6.60,43.90
274,Switzerland,Zürich,0.30,32.50,1.30,34.30,5.30,41.50,8.80,47.80,13.30,55.90,16.40,61.50,18.60,65.50,18.00,64.40,14.10,57.40,9.90,49.80,4.40,39.90,1.40,34.50,9.30,48.70
275,Turkey,Istanbul,5.70,42.30,5.70,42.30,7.00,44.60,11.10,52.00,15.70,60.30,20.40,68.70,22.90,73.20,23.10,73.60,19.80,67.60,15.60,60.10,11.50,52.70,8.00,46.40,13.90,57.00
276,Ukraine,Kyiv,-3.50,25.70,-3.00,26.60,1.80,35.20,9.30,48.70,15.50,59.90,18.50,65.30,20.50,68.90,19.70,67.50,14.20,57.60,8.40,47.10,1.90,35.40,-2.30,27.90,8.40,47.10
277,Ukraine,Lviv,-3.10,26.40,-2.20,28.00,1.90,35.40,8.30,46.90,13.80,56.80,16.40,61.50,18.30,64.90,17.70,63.90,13.00,55.40,8.10,46.60,2.60,36.70,-1.80,28.80,7.80,46.00
278,Ukraine,Odessa,-0.50,31.10,-0.20,31.60,3.50,38.30,9.40,48.90,15.60,60.10,20.00,68.00,22.60,72.70,22.30,72.10,17.20,63.00,11.60,52.90,5.70,42.30,1.10,34.00,10.70,51.30
279,United Kingdom,Edinburgh,4.20,39.60,4.50,40.10,6.20,43.20,8.10,46.60,10.80,51.40,13.50,56.30,15.30,59.50,15.20,59.40,13.00,55.40,9.80,49.60,6.70,44.10,4.20,39.60,9.30,48.70
280,United Kingdom,London,5.20,41.40,5.30,41.50,7.60,45.70,9.90,49.80,13.30,55.90,16.50,61.70,18.70,65.70,18.50,65.30,15.70,60.30,12.00,53.60,8.00,46.40,5.50,41.90,11.30,52.30
281,Antigua and Barbuda,St. John's,25.40,77.70,25.20,77.40,25.60,78.10,26.30,79.30,27.20,81.00,27.90,82.20,28.20,82.80,28.30,82.90,28.10,82.60,27.50,81.50,26.80,80.20,25.90,78.60,26.90,80.40
282,Aruba,Oranjestad,26.70,80.10,26.80,80.20,27.20,81.00,27.90,82.20,28.50,83.30,28.70,83.70,28.60,83.50,29.10,84.40,29.20,84.60,28.70,83.70,28.10,82.60,27.20,81.00,28.10,82.60
283,The Bahamas,Nassau,21.10,70.00,21.10,70.00,22.20,72.00,23.40,74.10,25.30,77.50,26.90,80.40,27.90,82.20,27.90,82.20,27.30,81.10,25.90,78.60,23.80,74.80,21.90,71.40,24.60,76.30
284,Barbados,Bridgetown,25.80,78.40,25.70,78.30,26.20,79.20,26.80,80.20,27.60,81.70,27.70,81.90,27.60,81.70,27.80,82.00,27.70,81.90,27.50,81.50,27.00,80.60,26.40,79.50,27.00,80.60
285,Belize,Belize City,24.00,75.20,24.90,76.80,25.90,78.60,27.30,81.10,28.30,82.90,28.50,83.30,28.10,82.60,28.20,82.80,28.00,82.40,27.00,80.60,25.60,78.10,24.50,76.10,26.70,80.10
286,Bermuda,Hamilton,18.30,64.90,18.00,64.40,18.20,64.80,19.60,67.30,22.00,71.60,25.00,77.00,27.20,81.00,27.60,81.70,26.60,79.90,24.40,75.90,21.60,70.90,19.50,67.10,22.30,72.10
287,Canada,Calgary,-7.10,19.20,-5.40,22.30,-1.60,29.10,4.60,40.30,9.70,49.50,13.70,56.70,16.50,61.70,15.80,60.40,11.00,51.80,5.20,41.40,-2.40,27.70,-6.80,19.80,4.40,39.90
288,Canada,Edmonton,-10.40,13.30,-7.60,18.30,-2.50,27.50,5.40,41.70,11.50,52.70,15.50,59.90,17.70,63.90,16.90,62.40,11.40,52.50,5.10,41.20,-4.10,24.60,-8.80,16.20,4.20,39.60
289,Canada,Gjoa Haven,-33.80,-28.80,-34.00,-29.20,-28.90,-20.00,-20.40,-4.70,-9.40,15.10,1.40,34.50,8.00,46.40,5.80,42.40,0.10,32.20,-9.50,14.90,-22.40,-8.30,-29.90,-21.80,-14.40,6.10
290,Canada,Halifax,-4.10,24.60,-3.60,25.50,-0.20,31.60,4.90,40.80,10.10,50.20,15.20,59.40,18.80,65.80,19.10,66.40,15.50,59.90,9.90,49.80,4.80,40.60,-0.80,30.60,7.50,45.50
291,Canada,Iqaluit,-26.90,-16.40,-27.50,-17.50,-23.20,-9.80,-14.20,6.40,-4.40,24.10,3.60,38.50,8.20,46.80,7.10,44.80,2.60,36.70,-3.70,25.30,-12.00,10.40,-21.30,-6.30,-9.30,15.30
292,Canada,Moncton,-8.20,17.20,-7.00,19.40,-2.30,27.90,4.20,39.60,10.70,51.30,16.00,60.80,19.50,67.10,19.00,66.20,14.50,58.10,8.30,46.90,2.50,36.50,-4.30,24.30,6.10,43.00
293,Canada,Montreal,-9.70,14.50,-7.70,18.10,-2.00,28.40,6.40,43.50,13.40,56.10,18.60,65.50,21.20,70.20,20.10,68.20,15.50,59.90,8.50,47.30,2.10,35.80,-5.40,22.30,6.80,44.20
294,Canada,Ottawa,-10.20,13.60,-7.90,17.80,-2.20,28.00,6.50,43.70,13.50,56.30,18.70,65.70,21.20,70.20,19.90,67.80,15.30,59.50,8.40,47.10,2.00,35.60,-5.60,21.90,6.60,43.90
295,Canada,Saskatoon,-13.90,7.00,-11.40,11.50,-4.90,23.20,5.20,41.40,11.80,53.20,16.10,61.00,19.00,66.20,18.20,64.80,12.00,53.60,4.40,39.90,-5.20,22.60,-12.40,9.70,3.30,37.90
296,Canada,St. John's,-4.50,23.90,-4.90,23.20,-2.60,27.30,1.90,35.40,6.40,43.50,10.90,51.60,15.80,60.40,16.10,61.00,12.40,54.30,7.40,45.30,3.00,37.40,-1.50,29.30,5.00,41.00
297,Canada,Toronto,-3.70,25.30,-2.60,27.30,1.40,34.50,7.90,46.20,14.10,57.40,19.40,66.90,22.30,72.10,21.50,70.70,17.20,63.00,10.70,51.30,4.90,40.80,-0.50,31.10,9.40,48.90
298,Canada,Vancouver,4.10,39.40,4.90,40.80,6.90,44.40,9.40,48.90,12.80,55.00,15.70,60.30,18.00,64.40,18.00,64.40,14.90,58.80,10.30,50.50,6.30,43.30,3.60,38.50,10.40,50.70
299,Canada,Winnipeg,-16.40,2.50,-13.20,8.20,-5.80,21.60,4.40,39.90,11.60,52.90,17.00,62.60,19.70,67.50,18.80,65.80,12.70,54.90,5.00,41.00,-4.90,23.20,-13.20,8.20,3.00,37.40
300,Canada,Whitehorse,-15.20,4.60,-12.70,9.10,-6.30,20.70,1.00,33.80,7.30,45.10,12.30,54.10,14.30,57.70,12.60,54.70,7.20,45.00,0.50,32.90,-9.40,15.10,-12.50,9.50,-0.10,31.80
301,Canada,Yellowknife,-25.60,-14.10,-22.90,-9.20,-16.80,1.80,-5.30,22.50,4.60,40.30,13.30,55.90,17.00,62.60,14.20,57.60,7.20,45.00,-1.70,28.90,-13.70,7.30,-21.80,-7.20,-4.30,24.30
302,Cayman Islands,George Town,25.80,78.40,26.10,79.00,26.60,79.90,27.60,81.70,28.50,83.30,29.20,84.60,29.60,85.30,29.70,85.50,29.30,84.70,28.50,83.30,27.50,81.50,26.20,79.20,27.90,82.20
303,Costa Rica,San José,22.60,72.70,23.00,73.40,23.50,74.30,23.70,74.70,22.90,73.20,22.50,72.50,22.60,72.70,22.40,72.30,22.00,71.60,21.80,71.20,21.90,71.40,22.30,72.10,22.60,72.70
304,Cuba,Havana,22.20,72.00,22.40,72.30,23.70,74.70,24.80,76.60,26.10,79.00,27.00,80.60,27.60,81.70,27.90,82.20,27.40,81.30,26.10,79.00,24.50,76.10,23.00,73.40,25.20,77.40
305,Curaçao,Willemstad,26.60,79.90,26.70,80.10,27.20,81.00,27.80,82.00,28.40,83.10,28.60,83.50,28.50,83.30,28.90,84.00,29.10,84.40,28.60,83.50,28.00,82.40,27.20,81.00,28.00,82.40
306,Dominica,Roseau,24.90,76.80,24.80,76.60,25.10,77.20,25.80,78.40,26.60,79.90,27.30,81.10,27.40,81.30,27.40,81.30,27.10,80.80,26.10,79.00,26.20,79.20,25.40,77.70,26.20,79.20
307,Dominican Republic,Santo Domingo,24.40,75.90,24.40,75.90,24.90,76.80,25.60,78.10,26.30,79.30,26.90,80.40,27.00,80.60,27.10,80.80,27.00,80.60,26.70,80.10,26.00,78.80,24.90,76.80,25.90,78.60
308,Greenland,Nuuk,-7.40,18.70,-7.80,18.00,-8.00,18.00,-3.80,25.20,0.60,33.10,3.90,39.00,6.50,43.70,6.10,43.00,3.50,38.30,-0.70,30.70,-3.70,25.30,-6.20,20.80,-1.40,29.50
309,Honduras,La Ceiba,23.80,74.80,24.00,75.20,25.60,78.10,26.80,80.20,28.20,82.80,28.00,82.40,27.50,81.50,27.60,81.70,27.40,81.30,26.20,79.20,25.20,77.40,24.30,75.70,26.20,79.20
310,Honduras,Tegucigalpa,19.50,67.10,20.40,68.70,22.10,71.80,23.40,74.10,23.60,74.50,22.60,72.70,22.10,71.80,22.40,72.30,22.20,72.00,21.50,70.70,20.40,68.70,19.70,67.50,21.70,71.10
311,Jamaica,Kingston,25.80,78.40,25.90,78.60,26.40,79.50,26.90,80.40,27.80,82.00,28.50,83.30,28.90,84.00,28.70,83.70,28.40,83.10,27.70,81.90,27.20,81.00,26.70,80.10,27.40,81.30
312,Mexico,Cabo San Lucas,19.20,66.60,19.30,66.70,20.20,68.40,22.20,72.00,23.80,74.80,25.30,77.50,28.10,82.60,29.00,84.20,28.40,83.10,26.70,80.10,23.50,74.30,20.60,69.10,23.90,75.00
313,Mexico,Chihuahua,10.00,50.00,12.90,55.20,15.70,60.30,19.20,66.60,23.60,74.50,26.30,79.30,25.60,78.10,24.30,75.70,22.60,72.70,18.70,65.70,13.70,56.70,10.30,50.50,18.60,65.50
314,Mexico,Guadalajara,17.10,62.80,18.40,65.10,20.70,69.30,22.80,73.00,24.50,76.10,23.90,75.00,22.00,71.60,21.90,71.40,21.80,71.20,21.00,69.80,19.20,66.60,17.50,63.50,20.90,69.60
315,Mexico,La Paz,17.40,63.30,18.10,64.60,19.70,67.50,22.10,71.80,24.50,76.10,27.10,80.80,29.70,85.50,30.20,86.40,29.30,84.70,26.20,79.20,22.00,71.60,18.60,65.50,23.70,74.70
316,Mexico,Mexicali,13.10,55.60,15.30,59.50,18.00,64.40,21.30,70.30,25.80,78.40,30.50,86.90,33.90,93.00,33.50,92.30,30.40,86.70,24.30,75.70,17.50,63.50,13.10,55.60,23.10,73.60
317,Mexico,Mexico City,14.60,58.30,15.90,60.60,18.10,64.60,19.60,67.30,20.00,68.00,19.40,66.90,18.20,64.80,18.30,64.90,18.00,64.40,17.10,62.80,16.30,61.30,15.00,59.00,17.50,63.50
318,Mexico,Monterrey,14.40,57.90,16.60,61.90,20.00,68.00,23.40,74.10,26.20,79.20,27.90,82.20,28.60,83.50,28.50,83.30,26.20,79.20,22.40,72.30,18.40,65.10,15.10,59.20,22.30,72.10
319,Mexico,Tijuana,13.60,56.50,14.30,57.70,14.80,58.60,16.10,61.00,18.00,64.40,19.80,67.60,22.20,72.00,22.80,73.00,22.00,71.60,19.50,67.10,16.60,61.90,14.00,57.20,17.80,64.00
320,Mexico,Toluca,8.90,48.00,10.10,50.20,11.80,53.20,13.50,56.30,14.70,58.50,14.80,58.60,14.00,57.20,14.00,57.20,13.90,57.00,12.40,54.30,10.80,51.40,9.50,49.10,12.40,54.30
321,Mexico,Veracruz,21.50,70.70,21.90,71.40,24.00,75.20,25.80,78.40,27.80,82.00,28.10,82.60,27.50,81.50,27.60,81.70,27.20,81.00,26.20,79.20,24.20,75.60,22.60,72.70,25.40,77.70
322,Mexico,Villahermosa,23.60,74.50,24.50,76.10,26.60,79.90,28.50,83.30,29.60,85.30,29.30,84.70,28.90,84.00,28.90,84.00,28.40,83.10,27.10,80.80,25.70,78.30,24.10,75.40,27.10,80.80
323,Nicaragua,Managua,26.30,79.30,27.20,81.00,28.50,83.30,29.30,84.70,29.30,84.70,27.20,81.00,26.80,80.20,27.20,81.00,26.80,80.20,26.50,79.70,26.30,79.30,26.20,79.20,27.30,81.10
324,Panama,Panama City,28.00,82.00,28.00,82.00,28.00,82.00,28.00,82.00,28.00,82.00,27.00,81.00,27.00,81.00,27.00,81.00,27.00,81.00,27.00,81.00,27.00,81.00,27.00,81.00,28.00,82.00
325,El Salvador,San Salvador,22.20,72.00,22.80,73.00,23.80,74.80,24.50,76.10,24.20,75.60,23.30,73.90,23.30,73.90,23.20,73.80,22.80,73.00,22.80,73.00,22.40,72.30,22.00,71.60,23.10,73.60
326,Puerto Rico,San Juan,25.30,77.60,25.50,77.90,26.10,78.90,26.80,80.30,27.70,81.90,28.50,83.30,28.60,83.40,28.70,83.70,28.60,83.50,28.10,82.60,27.00,80.60,24.80,76.70,27.20,81.00
327,"Saint Pierre
and Miquelon",Saint-Pierre,-2.60,27.30,-3.20,26.20,-1.40,29.50,2.00,35.60,5.60,42.10,9.60,49.30,14.10,57.40,16.20,61.20,13.50,56.30,8.90,48.00,4.50,40.10,0.40,32.70,5.70,42.30
328,United States,Albuquerque,2.40,36.40,5.20,41.40,8.90,48.10,13.30,56.00,18.70,65.60,23.80,74.90,25.70,78.30,24.60,76.20,20.70,69.30,14.20,57.50,7.20,44.90,2.40,36.30,14.00,57.20
329,United States,Anchorage,-8.30,17.10,-6.60,20.20,-3.00,26.60,2.70,36.80,8.80,47.80,12.90,55.20,14.90,58.80,13.70,56.70,9.20,48.60,1.60,34.80,-5.40,22.20,-7.20,19.00,2.80,37.10
330,United States,Atlanta,6.40,43.50,8.60,47.40,12.60,54.60,16.70,62.10,21.30,70.30,25.20,77.40,26.90,80.40,26.40,79.50,23.10,73.50,17.40,63.40,12.30,54.10,7.50,45.50,17.00,62.60
331,United States,Austin,10.80,51.50,12.80,55.00,16.50,61.70,20.70,69.20,24.80,76.60,27.90,82.20,29.40,85.00,29.90,85.80,26.70,80.00,21.80,71.20,16.10,61.00,11.40,52.50,20.70,69.30
332,United States,Baltimore,0.80,33.50,2.40,36.40,6.80,44.20,12.40,54.30,17.60,63.60,22.80,73.00,25.30,77.60,24.30,75.70,20.20,68.40,13.70,56.70,8.30,47.00,2.90,37.30,13.10,55.60
333,United States,Boise,-0.40,31.30,2.50,36.50,6.90,44.50,10.40,50.80,15.10,59.10,19.70,67.50,24.30,75.80,23.70,74.70,18.30,64.90,11.60,52.80,4.40,40.00,-0.70,30.70,11.40,52.50
334,United States,Boston,-1.50,29.30,0.00,32.00,3.70,38.60,9.10,48.40,14.60,58.20,20.00,68.00,23.20,73.70,22.40,72.40,18.40,65.20,12.40,54.30,7.20,45.00,1.70,35.00,10.90,51.70
335,United States,Charlotte,5.10,41.20,7.20,45.00,11.30,52.30,15.80,60.50,20.30,68.50,24.70,76.40,26.40,79.60,25.80,78.40,22.20,71.90,16.30,61.30,11.10,51.90,6.30,43.40,16.10,60.90
336,United States,Chicago,-4.60,23.70,-2.40,27.70,3.20,37.70,9.40,48.90,15.00,59.00,20.50,68.90,23.30,73.90,22.40,72.30,18.10,64.50,11.40,52.50,4.60,40.30,-2.40,27.70,9.80,49.70
337,United States,Columbus,-1.60,29.20,0.20,32.40,5.30,41.50,11.50,52.70,16.80,62.20,21.80,71.20,23.80,74.90,23.10,73.60,19.10,66.40,12.60,54.70,6.70,44.00,0.60,33.10,11.70,53.00
338,United States,Dallas,7.70,45.90,9.90,49.90,14.20,57.60,18.60,65.50,23.30,73.90,27.40,81.40,29.70,85.50,29.80,85.70,25.60,78.10,19.80,67.60,13.70,56.60,8.40,47.20,19.00,66.20
339,United States,Denver,-0.30,31.40,0.80,33.40,4.80,40.70,8.90,48.00,14.20,57.60,19.70,67.40,23.40,74.10,22.30,72.10,17.30,63.20,10.40,50.70,3.80,38.90,-0.90,30.30,10.40,50.70
340,United States,Detroit,-3.70,25.30,-2.30,27.90,2.70,36.90,9.40,49.00,15.20,59.40,20.70,69.20,23.00,73.40,22.10,71.80,17.90,64.20,11.20,52.20,5.20,41.30,-1.20,29.90,10.00,50.00
341,United States,El Paso,7.30,45.20,10.10,50.20,13.70,56.70,18.20,64.70,23.30,74.00,27.70,81.80,28.20,82.80,27.30,81.10,24.10,75.40,18.40,65.20,11.70,53.10,7.20,44.90,18.10,64.60
342,United States,Fairbanks,-21.90,-7.50,-18.30,-0.90,-11.20,11.80,0.50,32.90,9.90,49.80,16.00,60.80,17.10,62.80,13.60,56.50,7.30,45.20,-4.20,24.40,-16.20,2.90,-19.80,-3.70,-2.30,27.90
343,United States,Fresno,8.10,46.60,10.80,51.50,13.70,56.60,16.70,62.00,21.20,70.10,25.10,77.20,28.30,83.00,27.60,81.70,24.60,76.20,19.00,66.20,12.40,54.30,8.10,46.50,17.90,64.30
344,United States,Houston,11.50,52.70,13.30,56.00,16.90,62.40,20.70,69.20,24.80,76.60,27.70,81.90,28.90,84.00,29.00,84.20,26.30,79.40,21.70,71.10,16.60,61.90,12.30,54.10,20.80,69.40
345,United States,Indianapolis,-2.20,28.10,0.10,32.20,5.70,42.30,11.80,53.20,17.20,62.90,22.30,72.20,24.20,75.50,23.50,74.30,19.50,67.10,12.90,55.20,6.60,43.80,-0.10,31.80,11.80,53.20
346,United States,Jacksonville,11.70,53.10,13.60,56.40,16.50,61.70,19.40,66.90,23.40,74.10,26.70,80.00,27.90,82.30,27.60,81.70,25.70,78.20,21.30,70.40,16.80,62.20,12.90,55.20,20.30,68.50
347,United States,Kansas City,-1.80,28.80,0.80,33.50,6.80,44.20,12.70,54.80,18.10,64.50,23.10,73.50,25.70,78.30,25.00,77.00,20.10,68.10,13.50,56.30,6.40,43.60,-0.30,31.40,12.50,54.50
348,United States,Las Vegas,8.80,47.80,11.10,52.00,15.00,59.00,19.10,66.40,24.70,76.50,29.90,85.80,33.20,91.70,32.10,89.80,27.60,81.70,20.40,68.70,13.10,55.60,8.20,46.80,20.30,68.50
349,United States,Lake Havasu City,12.20,54.00,14.60,58.30,18.10,64.50,22.40,72.40,27.90,82.20,32.70,90.90,36.10,96.90,35.50,95.90,31.30,88.30,24.10,75.30,17.00,62.60,11.70,53.00,23.70,74.60
350,United States,Los Angeles,14.40,58.00,14.90,58.90,15.90,60.60,17.30,63.10,18.80,65.80,20.70,69.20,22.90,73.30,23.50,74.30,22.80,73.10,20.30,68.60,16.90,62.40,14.20,57.60,18.60,65.40
351,United States,Louisville,1.10,34.00,3.30,37.90,8.30,46.90,13.90,57.00,18.90,66.10,23.70,74.60,25.70,78.20,25.20,77.30,21.10,70.00,14.80,58.60,8.70,47.70,2.70,36.90,13.90,57.10
352,United States,Memphis,5.20,41.30,7.50,45.50,12.20,54.00,17.20,63.00,22.10,71.70,26.40,79.60,28.20,82.70,27.80,82.10,24.00,75.20,17.80,64.10,11.80,53.20,6.40,43.60,17.20,63.00
353,United States,Miami,19.90,67.90,21.10,70.00,22.40,72.40,24.20,75.60,26.50,79.70,28.10,82.50,28.80,83.90,28.90,84.00,28.20,82.70,26.40,79.60,23.70,74.70,21.20,70.20,24.90,76.90
354,United States,Milwaukee,-5.20,22.60,-3.20,26.30,1.90,35.40,7.80,46.00,13.30,56.00,19.20,66.60,22.30,72.10,21.70,71.00,17.40,63.30,10.90,51.60,4.10,39.30,-2.90,26.80,8.90,48.10
355,United States,Minneapolis,-9.10,15.60,-6.20,20.80,0.40,32.70,8.60,47.50,15.10,59.10,20.40,68.70,23.20,73.70,21.70,71.10,16.70,62.00,9.40,48.90,0.90,33.70,-6.80,19.70,7.80,46.10
356,United States,Nashville,3.40,38.10,5.70,42.20,10.30,50.50,15.30,59.50,20.00,68.00,24.60,76.20,26.60,79.90,26.20,79.20,22.20,72.00,16.00,60.80,10.20,50.30,4.90,40.90,15.40,59.80
357,United States,New Orleans,11.60,52.90,13.40,56.20,16.80,62.20,20.30,68.60,24.60,76.20,27.20,81.00,28.20,82.80,28.20,82.80,26.20,79.20,21.60,70.80,16.80,62.20,12.90,55.20,20.70,69.20
358,United States,New York City,0.60,33.00,2.10,35.70,6.10,42.90,11.90,53.40,17.10,62.80,22.10,71.80,24.90,76.90,24.30,75.70,20.20,68.40,14.10,57.30,8.90,48.10,3.30,37.90,12.90,55.30
359,United States,"Oklahoma
City",3.60,38.40,6.10,42.90,10.70,51.30,15.60,60.10,20.60,69.00,25.10,77.10,27.80,82.10,27.60,81.60,22.80,73.10,16.50,61.70,9.90,49.90,4.30,39.70,15.90,60.60
360,United States,Omaha,-4.60,23.70,-2.10,28.30,4.20,39.50,10.90,51.70,16.90,62.50,22.30,72.20,24.80,76.70,23.70,74.60,18.80,65.90,11.80,53.30,3.80,38.90,-3.30,26.10,10.60,51.10
361,United States,Palm Springs,16.30,61.30,18.10,64.50,20.70,69.20,23.70,74.60,26.80,80.30,30.70,87.30,33.80,92.80,33.60,92.50,30.50,86.90,24.90,76.80,19.20,66.60,15.70,60.20,24.50,76.10
362,United States,Philadelphia,0.50,32.90,2.00,35.60,6.40,43.50,12.20,54.00,17.70,63.80,22.90,73.20,25.60,78.10,24.70,76.50,20.60,69.10,14.20,57.50,8.70,47.60,3.00,37.40,13.20,55.80
363,United States,Phoenix,13.60,56.50,15.40,59.80,18.50,65.30,22.70,72.80,27.80,82.10,32.70,90.90,34.90,94.80,34.20,93.60,31.30,88.40,24.80,76.70,17.90,64.20,13.10,55.50,23.90,75.00
364,United States,Pittsburgh,-1.90,28.50,-0.40,31.30,4.30,39.80,10.60,51.10,15.70,60.20,20.50,68.90,22.70,72.80,22.00,71.60,17.90,64.30,11.60,52.90,6.20,43.10,0.30,32.50,10.80,51.40
365,United States,Portland (OR),5.20,41.40,6.60,43.80,8.90,48.10,11.30,52.30,14.60,58.30,17.60,63.60,20.70,69.20,20.90,69.60,18.10,64.50,12.70,54.90,8.10,46.60,4.70,40.40,12.40,54.40
366,United States,Sacramento,8.10,46.60,10.60,51.10,12.70,54.90,15.00,59.00,18.80,65.80,22.10,71.70,24.20,75.50,23.80,74.90,22.10,71.70,17.90,64.20,11.90,53.50,8.00,46.40,16.30,61.30
367,United States,"Salt Lake
City",-1.30,29.60,1.30,34.30,6.60,43.80,10.40,50.70,15.50,59.90,21.10,69.90,26.10,78.90,25.10,77.20,19.10,66.30,11.80,53.20,4.60,40.20,-0.80,30.50,11.60,52.90
368,United States,San Antonio,11.00,51.80,13.10,55.60,16.80,62.20,20.80,69.50,25.00,77.00,28.10,82.50,29.30,84.70,29.70,85.40,26.60,79.80,21.80,71.30,16.20,61.20,11.60,52.90,20.80,69.50
369,United States,San Diego,14.20,57.60,14.70,58.40,15.50,59.90,16.80,62.30,18.10,64.50,19.40,67.00,21.40,70.50,22.20,72.00,21.70,71.00,19.60,67.20,16.60,61.80,13.90,57.10,17.80,64.10
370,United States,"San
Francisco",11.20,52.10,12.60,54.70,13.30,56.00,13.90,57.10,14.70,58.50,15.80,60.50,16.30,61.30,16.90,62.50,17.50,63.50,16.80,62.30,14.10,57.40,11.40,52.50,14.60,58.20
371,United States,San Jose,10.80,51.50,12.50,54.50,13.80,56.90,15.20,59.30,17.80,64.00,20.20,68.30,21.60,70.90,21.80,71.20,20.70,69.20,17.90,64.30,13.90,57.00,10.60,51.10,16.40,61.50
372,United States,Seattle,5.40,41.80,6.20,43.20,7.90,46.30,10.10,50.20,13.20,55.80,15.90,60.70,18.60,65.50,18.80,65.90,16.20,61.10,11.40,52.60,7.40,45.30,4.70,40.40,11.30,52.40
373,United States,St. Louis,-0.10,31.80,2.40,36.30,7.90,46.30,14.10,57.30,19.30,66.80,24.40,75.90,26.70,80.00,25.90,78.60,21.30,70.40,14.80,58.70,8.20,46.80,1.60,34.80,13.90,57.00
374,United States,Tampa,15.90,60.60,17.30,63.20,19.50,67.10,22.10,71.70,25.70,78.20,27.80,82.00,28.20,82.80,28.30,83.00,27.50,81.50,24.40,76.00,20.60,69.00,17.20,63.00,22.90,73.20
375,United States,Tucson,11.60,52.90,13.10,55.60,15.80,60.50,19.70,67.40,24.60,76.30,29.60,85.20,30.80,87.40,29.80,85.70,27.70,81.90,21.90,71.40,15.60,60.10,11.30,52.30,20.90,69.70
376,United States,VirginiaBeach,4.90,40.80,6.10,43.00,9.80,49.70,14.80,58.60,19.40,67.00,24.30,75.70,26.70,80.00,25.70,78.30,22.60,72.60,16.90,62.40,11.80,53.20,6.90,44.50,15.80,60.50
377,United States,"Washington,D.C.",2.30,36.10,3.90,39.10,8.30,46.90,13.80,56.90,18.90,66.10,24.10,75.30,26.60,79.80,25.70,78.20,21.70,71.10,15.30,59.60,9.80,49.60,4.30,39.80,14.60,58.20
378,United States,Wichita,0.10,32.20,2.90,37.20,8.10,46.50,13.40,56.10,18.90,66.00,24.30,75.80,27.30,81.10,26.70,80.00,21.70,71.00,14.60,58.30,7.40,45.40,0.90,33.70,13.90,57.00
379,Australia,Adelaide,23.20,73.80,23.30,73.90,20.90,69.60,17.60,63.70,13.50,56.30,12.10,53.80,11.40,52.50,12.40,54.30,14.40,57.90,16.70,62.10,19.70,67.50,21.30,70.30,17.30,63.10
380,Australia,Alice Springs,28.00,82.00,27.00,81.00,25.00,77.00,20.00,68.00,15.00,59.00,12.00,54.00,11.00,52.00,14.00,57.00,18.00,64.00,22.00,72.00,25.00,77.00,27.00,81.00,21.00,70.00
381,Australia,Brisbane,25.80,78.40,25.70,78.30,24.50,76.10,22.30,72.10,19.10,66.40,16.80,62.20,16.00,60.80,17.00,62.60,19.70,67.50,21.70,71.10,23.50,74.30,24.80,76.60,21.40,70.50
382,Australia,Burnie,17.00,62.60,17.30,63.10,16.10,61.00,14.00,57.20,11.90,53.40,10.20,50.40,9.40,48.90,9.70,49.50,10.60,51.10,12.00,53.60,13.90,57.00,15.40,59.70,13.10,55.60
383,Australia,Cairns,27.00,81.00,27.00,81.00,26.00,79.00,25.00,77.00,23.00,73.00,21.00,70.00,21.00,70.00,22.00,72.00,23.00,73.00,25.00,77.00,26.00,79.00,27.00,81.00,25.00,77.00
384,Australia,Canberra,20.60,69.10,20.10,68.20,17.60,63.70,13.40,56.10,9.40,48.90,6.70,44.10,5.70,42.30,7.00,44.60,9.80,49.60,12.80,55.00,15.80,60.40,18.80,65.80,13.10,55.60
385,Australia,Dampier,31.00,87.80,31.30,88.30,30.90,87.60,28.60,83.50,24.10,75.40,20.90,69.60,19.80,67.60,21.20,70.20,23.70,74.70,26.20,79.20,28.30,82.90,30.20,86.40,26.40,79.50
386,Australia,Darwin,28.30,82.90,28.10,82.60,28.30,82.90,28.40,83.10,27.10,80.80,25.30,77.50,25.00,77.00,25.90,78.60,27.80,82.00,29.10,84.40,29.30,84.70,29.00,84.20,27.60,81.70
387,Australia,Hobart,16.80,62.20,16.90,62.40,15.60,60.10,13.20,55.80,10.80,51.40,8.60,47.50,8.20,46.80,9.20,48.60,10.80,51.40,12.40,54.30,14.00,57.20,15.60,60.10,12.70,54.90
388,Australia,Launceston,18.70,65.70,18.60,65.50,16.50,61.70,13.20,55.80,10.40,50.70,8.10,46.60,7.70,45.90,8.70,47.70,10.50,50.90,12.60,54.70,14.80,58.60,16.80,62.20,13.10,55.60
389,Australia,Melbourne,20.10,68.20,20.20,68.40,18.60,65.50,15.60,60.10,12.70,54.90,10.50,50.90,9.80,49.60,10.90,51.60,12.70,54.90,14.70,58.50,16.60,61.90,18.60,65.50,15.10,59.20
390,Australia,Perth,24.50,76.10,24.90,76.80,23.10,73.60,19.70,67.50,16.50,61.70,14.00,57.20,13.00,55.40,13.50,56.30,14.80,58.60,17.30,63.10,20.30,68.50,22.70,72.90,18.70,65.70
391,Australia,Sydney,22.30,72.10,22.30,72.10,21.20,70.20,18.50,65.30,15.50,59.90,13.10,55.60,12.20,54.00,13.40,56.10,15.50,59.90,17.80,64.00,19.60,67.30,21.30,70.30,17.70,63.90
392,Chile,Hanga Roa,23.30,73.90,23.70,74.70,23.10,73.60,21.90,71.40,20.10,68.20,18.90,66.00,18.00,64.40,17.90,64.20,18.30,64.90,19.00,66.20,20.40,68.70,21.80,71.20,20.50,68.90
393,Fiji,Suva,27.40,81.30,27.60,81.70,26.40,79.50,26.60,79.90,25.40,77.70,24.60,76.30,23.80,74.80,23.70,74.70,24.10,75.40,25.10,77.20,26.10,79.00,26.90,80.40,25.60,78.10
394,New Zealand,"Alexandra, New Zealand",18.00,64.40,17.40,63.30,14.90,58.80,10.90,51.60,7.60,45.70,3.60,38.50,2.90,37.20,6.00,42.80,9.30,48.70,11.70,53.10,14.00,57.20,16.30,61.30,11.00,51.80
395,New Zealand,Auckland,19.10,66.40,19.70,67.50,18.40,65.10,16.10,61.00,14.00,57.20,11.80,53.20,10.90,51.60,11.30,52.30,12.70,54.90,14.20,57.60,15.70,60.30,17.80,64.00,15.20,59.40
396,New Zealand,Christchurch,17.50,63.50,17.20,63.00,15.50,59.90,12.70,54.90,9.80,49.60,7.10,44.80,6.60,43.90,7.90,46.20,10.30,50.50,12.20,54.00,14.10,57.40,16.10,61.00,12.20,54.00
397,New Zealand,Dunedin,15.30,59.50,15.00,59.00,13.70,56.70,11.70,53.10,9.30,48.70,7.30,45.10,6.60,43.90,7.70,45.90,9.50,49.10,10.90,51.60,12.40,54.30,13.90,57.00,11.10,52.00
398,New Zealand,Hamilton,18.40,65.10,18.80,65.80,17.10,62.80,14.50,58.10,11.90,53.40,9.50,49.10,8.90,48.00,9.80,49.60,11.60,52.90,13.20,55.80,14.90,58.80,16.90,62.40,13.80,56.80
399,New Zealand,Lake Tekapo,15.20,59.40,14.80,58.60,12.40,54.30,9.20,48.60,5.90,42.60,2.60,36.70,1.40,34.50,3.60,38.50,6.50,43.70,8.80,47.80,11.10,52.00,13.20,55.80,8.70,47.70
400,New Zealand,Napier,19.50,67.10,19.40,66.90,17.70,63.90,15.00,59.00,12.40,54.30,10.00,50.00,9.40,48.90,10.30,50.50,12.30,54.10,14.30,57.70,16.10,61.00,18.40,65.10,14.60,58.30
401,New Zealand,Palmerston North,17.80,64.00,18.30,64.90,16.40,61.50,13.60,56.50,11.40,52.50,9.10,48.40,8.60,47.50,9.20,48.60,11.00,51.80,12.40,54.30,13.80,56.80,16.20,61.20,13.20,55.80
402,New Zealand,Tauranga,19.40,66.90,19.60,67.30,18.00,64.40,15.50,59.90,13.20,55.80,10.80,51.40,10.20,50.40,10.70,51.30,12.30,54.10,13.90,57.00,15.80,60.40,18.00,64.40,14.80,58.60
403,New Zealand,Wellington,16.90,62.40,17.20,63.00,15.80,60.40,13.70,56.70,11.70,53.10,9.70,49.50,8.90,48.00,9.40,48.90,10.80,51.40,12.00,53.60,13.50,56.30,15.40,59.70,12.90,55.20
404,Papua New Guinea,Port Moresby,27.40,81.30,27.30,81.10,27.10,80.80,27.00,80.60,26.90,80.40,26.10,79.00,25.70,78.30,26.10,79.00,26.50,79.70,27.50,81.50,27.60,81.70,27.80,82.00,26.90,80.40
405,Solomon Islands,Honiara,26.70,80.10,26.60,79.90,26.60,79.90,26.50,79.70,26.60,79.90,26.40,79.50,26.10,79.00,26.20,79.20,26.50,79.70,26.50,79.70,26.70,80.10,26.80,80.20,26.50,79.70
406,United States,Honolulu,22.90,73.20,22.90,73.20,23.70,74.70,24.60,76.30,25.60,78.10,26.80,80.20,27.40,81.30,27.80,82.00,27.60,81.70,26.80,80.20,25.40,77.70,23.80,74.80,25.40,77.70
407,Vanuatu,Port Vila,26.40,79.50,26.50,79.70,26.30,79.30,25.30,77.50,24.10,75.40,23.00,73.40,22.10,71.80,22.00,71.60,22.70,72.90,23.40,74.10,24.60,76.30,25.70,78.30,24.30,75.70
408,Argentina,Bahía Blanca,23.60,74.50,22.10,71.80,19.40,66.90,14.90,58.80,11.10,52.00,8.10,46.60,7.50,45.50,9.40,48.90,11.60,52.90,15.10,59.20,18.70,65.70,22.00,71.60,15.30,59.50
409,Argentina,Bariloche,15.00,59.00,14.80,58.60,11.90,53.40,7.90,46.20,4.90,40.80,2.90,37.20,2.10,35.80,3.00,37.40,5.10,41.20,8.00,46.40,10.80,51.40,13.50,56.30,8.30,46.90
410,Argentina,Buenos Aires,24.90,76.80,23.60,74.50,21.90,71.40,17.90,64.20,14.50,58.10,11.70,53.10,11.00,51.80,12.80,55.00,14.60,58.30,17.90,64.20,20.70,69.30,23.30,73.90,17.90,64.20
411,Argentina,Comodoro Rivadavia,19.70,67.50,18.80,65.80,16.30,61.30,13.10,55.60,9.60,49.30,6.90,44.40,6.60,43.90,7.90,46.20,10.10,50.20,13.00,55.40,15.90,60.60,18.20,64.80,13.00,55.40
412,Argentina,Córdoba,24.90,76.80,23.10,73.60,21.70,71.10,18.00,64.40,14.50,58.10,11.40,52.50,10.80,51.40,13.30,55.90,15.70,60.30,19.50,67.10,21.80,71.20,23.70,74.70,18.20,64.80
413,Argentina,Mar del Plata,20.40,68.70,19.80,67.60,18.20,64.80,14.50,58.10,11.20,52.20,8.40,47.10,7.50,45.50,8.80,47.80,10.40,50.70,13.30,55.90,15.90,60.60,18.50,65.30,13.90,57.00
414,Argentina,Mendoza,25.50,77.90,24.00,75.20,21.30,70.30,16.20,61.20,11.80,53.20,8.40,47.10,7.90,46.20,10.60,51.10,13.90,57.00,18.80,65.80,22.20,72.00,24.90,76.80,17.10,62.80
415,Argentina,Neuquén,23.70,74.70,22.30,72.10,18.90,66.00,13.40,56.10,9.20,48.60,6.60,43.90,5.80,42.40,8.10,46.60,11.40,52.50,15.60,60.10,19.40,66.90,22.40,72.30,14.70,58.50
416,Argentina,Resistencia,26.80,80.20,25.90,78.60,24.60,76.30,21.20,70.20,17.60,63.70,15.40,59.70,14.80,58.60,16.70,62.10,18.50,65.30,21.80,71.20,23.60,74.50,25.80,78.40,21.10,70.00
417,Argentina,Río Gallegos,13.80,56.80,13.20,55.80,10.80,51.40,7.60,45.70,4.20,39.60,1.40,34.50,1.20,34.20,3.10,37.60,5.70,42.30,8.40,47.10,11.10,52.00,12.80,55.00,7.80,46.00
418,Argentina,Rosario,24.60,76.30,23.20,73.80,21.40,70.50,17.30,63.10,13.80,56.80,10.70,51.30,10.00,50.00,12.10,53.80,14.50,58.10,18.10,64.60,21.00,69.80,23.40,74.10,17.50,63.50
419,Argentina,Salta,21.40,70.50,20.30,68.50,19.50,67.10,16.60,61.90,13.10,55.60,10.60,51.10,10.10,50.20,12.70,54.90,15.10,59.20,19.10,66.40,20.50,68.90,21.50,70.70,16.70,62.10
420,Argentina,San Juan,27.10,80.80,25.50,77.90,22.80,73.00,17.20,63.00,12.20,54.00,8.30,46.90,7.70,45.90,10.60,51.10,14.40,57.90,19.80,67.60,23.40,74.10,26.30,79.30,17.90,64.20
421,Argentina,"San Miguel
de Tucumán",25.20,77.40,24.00,75.20,22.60,72.70,19.20,66.60,15.70,60.30,12.70,54.90,12.20,54.00,14.90,58.80,17.80,64.00,21.80,71.20,23.40,74.10,24.90,76.80,19.50,67.10
422,Argentina,Santiago del Estero,26.70,80.10,25.50,77.90,23.80,74.80,19.80,67.60,16.10,61.00,12.70,54.90,12.20,54.00,15.30,59.50,18.50,65.30,22.70,72.90,24.80,76.60,26.50,79.70,20.40,68.70
423,Argentina,Ushuaia,9.60,49.30,9.30,48.70,7.70,45.90,5.70,42.30,3.20,37.80,1.70,35.10,1.30,34.30,2.20,36.00,4.10,39.40,6.20,43.20,7.80,46.00,9.10,48.40,5.70,42.30
424,Argentina,Viedma,22.10,71.80,20.80,69.40,18.30,64.90,13.80,56.80,9.90,49.80,7.20,45.00,6.60,43.90,8.20,46.80,10.50,50.90,14.30,57.70,17.70,63.90,20.60,69.10,14.20,57.60
425,Bolivia,La Paz,9.30,48.70,9.00,48.20,8.90,48.00,8.80,47.80,8.20,46.80,7.30,45.10,6.80,44.20,8.20,46.80,8.70,47.70,10.00,50.00,10.50,50.90,9.70,49.50,8.80,47.80
426,Bolivia,Santa Cruz de la Sierra,26.80,80.20,26.60,79.90,26.20,79.20,24.70,76.50,22.80,73.00,20.40,68.70,21.10,70.00,23.00,73.40,25.20,77.40,26.40,79.50,27.10,80.80,27.00,80.60,24.80,76.60
427,Bolivia,Sucre,16.20,61.20,15.70,60.30,15.80,60.40,15.50,59.90,14.90,58.80,13.80,56.80,13.90,57.00,14.90,58.80,16.20,61.20,16.90,62.40,17.30,63.10,16.70,62.10,15.60,60.10
428,Brazil,Belém,25.60,78.10,25.40,77.70,25.50,77.90,25.60,78.10,25.80,78.40,26.00,78.80,25.70,78.30,26.00,78.80,26.00,78.80,26.40,79.50,26.50,79.70,26.20,79.20,25.90,78.60
429,Brazil,Belo Horizonte,22.80,73.00,23.00,73.40,22.90,73.20,21.70,71.10,19.60,67.30,18.50,65.30,18.00,64.40,19.70,67.50,21.10,70.00,21.70,71.10,22.20,72.00,22.20,72.00,21.10,70.00
430,Brazil,Brasília,21.20,70.20,21.30,70.30,21.50,70.70,20.90,69.60,19.60,67.30,18.50,65.30,18.30,64.90,20.30,68.50,21.70,71.10,21.60,70.90,21.10,70.00,21.00,69.80,20.60,69.10
431,Brazil,Campos do Jordão,17.30,63.10,17.50,63.50,16.70,62.10,14.70,58.50,11.90,53.40,10.10,50.20,9.50,49.10,11.30,52.30,13.40,56.10,14.90,58.80,15.90,60.60,16.60,61.90,14.20,57.60
432,Brazil,Curitiba,20.40,68.70,20.60,69.10,19.60,67.30,17.20,63.00,14.50,58.10,13.10,55.60,12.90,55.20,14.10,57.40,15.00,59.00,16.50,61.70,18.20,64.80,19.30,66.70,16.80,62.20
433,Brazil,Florianópolis,24.90,76.80,25.10,77.20,24.50,76.10,22.20,72.00,19.20,66.60,17.20,63.00,16.40,61.50,17.00,62.60,18.30,64.90,20.30,68.50,22.20,72.00,24.00,75.20,20.90,69.60
434,Brazil,Fortaleza,27.10,80.80,26.90,80.40,26.40,79.50,26.20,79.20,26.20,79.20,25.80,78.40,25.60,78.10,26.00,78.80,26.40,79.50,26.90,80.40,27.20,81.00,27.30,81.10,26.60,79.90
435,Brazil,Goiânia,23.80,74.80,23.80,74.80,24.00,75.20,23.60,74.50,22.20,72.00,20.90,69.60,20.90,69.60,23.00,73.40,24.50,76.10,24.60,76.30,24.10,75.40,23.50,74.30,23.20,73.80
436,Brazil,Manaus,26.10,79.00,25.90,78.60,26.00,78.80,26.20,79.20,26.20,79.20,26.40,79.50,26.50,79.70,27.30,81.10,27.70,81.90,27.70,81.90,27.20,81.00,26.60,79.90,26.70,80.10
437,Brazil,Porto Alegre,24.60,76.30,24.60,76.30,23.10,73.60,19.90,67.80,16.90,62.40,14.30,57.70,14.40,57.90,15.20,59.40,16.80,62.20,19.10,66.40,21.20,70.20,23.30,73.90,19.50,67.10
438,Brazil,Recife,26.50,79.70,26.50,79.70,26.40,79.50,25.90,78.60,25.20,77.40,24.50,76.10,23.90,75.00,23.90,75.00,24.60,76.30,25.50,77.90,26.10,79.00,26.40,79.50,25.50,77.90
439,Brazil,Rio de Janeiro,26.30,79.30,26.60,79.90,26.00,78.80,24.40,75.90,22.80,73.00,21.80,71.20,21.30,70.30,21.80,71.20,22.20,72.00,22.90,73.20,24.00,75.20,25.30,77.50,23.80,74.80
440,Brazil,Salvador,26.40,79.50,26.50,79.70,26.60,79.90,26.20,79.20,25.20,77.40,24.30,75.70,23.70,74.70,23.60,74.50,24.30,75.70,25.10,77.20,25.50,77.90,25.90,78.60,25.30,77.50
441,Brazil,São Joaquim,16.80,62.20,17.10,62.80,15.90,60.60,13.20,55.80,11.40,52.50,9.70,49.50,9.80,49.60,10.70,51.30,12.00,53.60,12.80,55.00,14.40,57.90,16.00,60.80,13.30,55.90
442,Brazil,São Paulo,22.10,71.80,22.40,72.30,21.80,71.20,19.70,67.50,17.40,63.30,16.30,61.30,15.80,60.40,17.10,62.80,17.90,64.20,19.00,66.20,20.20,68.40,21.10,70.00,19.20,66.60
443,Brazil,Vitória,26.90,80.40,27.40,81.30,27.10,80.80,25.90,78.60,24.00,75.00,22.80,73.00,22.40,72.30,22.60,72.70,23.20,73.80,24.30,75.70,24.90,76.80,26.00,79.00,24.80,76.60
444,Chile,Antofagasta,20.20,68.40,20.00,68.00,19.10,66.40,17.10,62.80,15.50,59.90,14.20,57.60,13.70,56.70,14.00,57.20,14.70,58.50,15.80,60.40,17.30,63.10,18.90,66.00,16.70,62.10
445,Chile,Concepción,16.50,61.70,15.90,60.60,14.50,58.10,12.30,54.10,10.70,51.30,9.50,49.10,8.80,47.80,9.30,48.70,10.20,50.40,11.90,53.40,13.80,56.80,15.60,60.10,12.40,54.30
446,Chile,La Serena,17.10,62.80,16.90,62.40,15.60,60.10,13.70,56.70,12.30,54.10,10.90,51.60,10.70,51.30,10.90,51.60,11.60,52.90,12.90,55.20,14.60,58.30,16.10,61.00,13.60,56.50
447,Chile,Punta Arenas,10.80,51.40,10.30,50.50,8.50,47.30,6.20,43.20,3.70,38.70,1.50,34.70,1.40,34.50,2.30,36.10,4.20,39.60,6.40,43.50,8.40,47.10,9.90,49.80,6.10,43.00
448,Chile,Santiago,21.20,70.20,20.30,68.50,18.20,64.80,14.40,57.90,10.90,51.60,9.00,48.20,8.20,46.80,9.80,49.60,12.00,53.60,15.00,59.00,17.70,63.90,20.10,68.20,14.70,58.50
449,Colombia,Bogotá,14.30,57.70,14.50,58.10,14.90,58.80,14.90,58.80,15.00,59.00,14.50,58.10,14.60,58.30,14.10,57.40,14.30,57.70,14.30,57.70,14.40,57.90,14.60,58.30,14.40,57.90
450,Colombia,Barranquilla,26.50,79.70,26.70,80.10,27.00,80.60,27.50,81.50,28.10,82.60,28.10,82.60,27.90,82.20,27.90,82.20,27.60,81.70,27.20,81.00,27.40,81.30,26.90,80.40,27.40,81.30
451,Colombia,Medellín,22.40,72.30,22.70,72.90,22.70,72.90,22.40,72.30,22.60,72.70,22.90,73.20,23.10,73.60,23.10,73.60,22.40,72.30,21.80,71.20,21.80,71.20,21.90,71.40,22.50,72.50
452,Colombia,Valledupar,30.40,86.70,30.50,86.90,30.30,86.50,30.20,86.40,29.70,85.50,29.80,85.60,29.90,85.80,29.80,85.60,29.30,84.70,28.80,83.80,29.00,84.20,29.70,85.50,29.80,85.60
453,Ecuador,Guayaquil,27.10,80.80,27.30,81.10,28.00,82.40,27.80,82.00,26.90,80.40,25.70,78.30,25.00,77.00,25.20,77.40,25.50,77.90,25.60,78.10,26.20,79.20,27.10,80.80,26.50,79.70
454,Ecuador,Quito,14.20,57.60,14.00,57.20,14.30,57.70,14.30,57.70,14.50,58.10,14.50,58.10,14.60,58.30,15.00,59.00,14.80,58.60,14.30,57.70,14.30,57.70,14.40,57.90,14.40,57.90
455,Falkland Islands,Stanley,9.50,49.10,8.90,48.00,8.10,46.60,6.10,43.00,3.90,39.00,2.20,36.00,1.90,35.40,2.20,36.00,3.90,39.00,5.30,41.50,7.00,44.60,8.10,46.60,5.60,42.10
456,French Guiana,Cayenne,26.20,79.20,26.30,79.30,26.50,79.70,26.80,80.20,26.70,80.10,26.60,79.90,26.60,79.90,27.00,80.60,27.20,81.00,27.30,81.10,27.00,80.60,26.60,79.90,26.70,80.10
457,Guyana,Georgetown,26.10,79.00,26.40,79.50,26.70,80.10,27.00,80.60,26.80,80.20,26.50,79.70,26.60,79.90,27.00,80.60,27.50,81.50,27.60,81.70,27.20,81.00,26.40,79.50,26.80,80.20
458,Paraguay,Asunción,27.50,81.50,26.90,80.40,25.90,78.60,22.80,73.00,19.80,67.60,17.60,63.70,17.90,64.20,18.60,65.50,20.50,68.90,23.20,73.80,24.90,76.80,26.50,79.70,22.70,72.90
459,Peru,Cusco,12.90,55.20,12.70,54.90,12.80,55.00,12.70,54.90,12.00,53.60,11.40,52.50,10.80,51.40,11.50,52.70,12.70,54.90,13.60,56.50,13.60,56.50,13.20,55.80,12.50,54.50
460,Peru,Lima,22.10,71.80,22.70,72.90,22.20,72.00,20.60,69.10,18.80,65.80,17.50,63.50,16.70,62.10,16.20,61.20,16.40,61.50,17.30,63.10,18.70,65.70,20.70,69.30,19.20,66.60
461,Peru,Piura,26.80,80.20,27.80,82.00,27.80,82.00,26.60,79.90,24.50,76.10,22.90,73.20,21.80,71.20,21.90,71.40,22.30,72.10,22.90,73.20,23.60,74.50,25.20,77.40,24.50,76.10
462,Suriname,Paramaribo,26.00,78.80,26.00,78.80,26.20,79.20,26.70,80.10,26.50,79.70,26.50,79.70,26.70,80.10,27.40,81.30,27.80,82.00,27.90,82.20,27.30,81.10,26.40,79.50,26.80,80.20
463,Uruguay,Montevideo,23.00,73.40,22.50,72.50,20.60,69.10,17.20,63.00,14.00,57.20,11.10,52.00,10.90,51.60,11.70,53.10,13.40,56.10,16.00,60.80,18.60,65.50,21.30,70.30,16.70,62.10
464,Venezuela,Caracas,20.20,68.40,20.80,69.40,21.70,71.10,22.70,72.90,23.20,73.80,22.60,72.70,22.20,72.00,22.30,72.10,22.70,72.90,22.40,72.30,22.00,71.60,20.70,69.30,22.00,71.60
